variante,produto,capital,salário real,desemprego (%),margem (%),juro líquido (%),famílias racionadas (%),produto (ep),capital (ep),salário real (ep),desemprego (%) (ep),margem (%) (ep),juro líquido (%) (ep),famílias racionadas (%) (ep)
base,0.94936,0.837653,0.883153,10.0499,10.5778,10.7026,42.2091,0.00272839,0.00280013,0.00276089,0.0164734,0.0161483,0.0143535,0.204483
margem máxima 10%,0.97102,0.891919,0.929574,9.93901,7.48477,10.5708,46.02,0.000522732,0.00122591,0.00109914,0.036903,0.0282399,0.0147691,0.195048
margem máxima 25%,0.906884,0.743761,0.804167,10.2859,15.9853,10.8501,37.076,0.00744338,0.00814682,0.00684037,0.0217239,0.0303218,0.0286479,0.263714
"revisão de preço 0,5",0.945634,0.836252,0.88412,10.0082,10.7447,10.7257,45.6765,0.00839357,0.00974956,0.0084162,0.0129046,0.0249743,0.0515474,0.190358
"passo do salário 1,5%",0.94053,0.823163,0.871665,10.0292,10.346,10.7273,41.0486,0.00241985,0.00296968,0.00207201,0.0154071,0.0690192,0.010551,0.165934
passo do salário 6%,0.957591,0.85388,0.89816,10.0195,10.876,10.6891,45.3673,0.00230678,0.00296536,0.00224116,0.0166135,0.0318226,0.0106653,0.221796
"procura de fornecedor 0,1",0.956746,0.845568,0.889535,10.0012,10.5328,10.671,32.5262,0.00350856,0.00458078,0.00301993,0.0164175,0.0401527,0.017573,0.132237
"procura de fornecedor 0,5",0.944673,0.83302,0.882052,10.0298,10.0879,10.7332,54.2215,0.00372466,0.00503361,0.00248093,0.0306424,0.02818,0.00911871,0.162971
100 firmas,0.955654,0.844417,0.886941,9.86257,10.4862,10.6923,42.9405,0.00785148,0.00801566,0.00836047,0.0179282,0.0510021,0.0430388,0.278387
400 firmas,0.942209,0.825454,0.880703,10.2246,10.6802,10.7321,42.0132,0.00435552,0.00407531,0.00445406,0.0135528,0.0193025,0.0273176,0.354977
depreciação do estoque 2%,0.971043,0.869692,0.909223,10.067,9.63067,10.5639,41.8675,0.0051143,0.00633538,0.00553748,0.00506255,0.0408138,0.0340197,0.101264
depreciação do estoque 10%,0.938073,0.817733,0.868011,9.98885,11.4713,10.771,42.437,0.00308361,0.00388131,0.003376,0.0109715,0.0490167,0.00975972,0.325702
