trimestre,volume_pib,volume_consumo_familias,volume_consumo_governo,volume_fbcf,nominal_pib,nominal_consumo_familias,nominal_consumo_governo,nominal_fbcf
199601,99.41,98.85,99.15,96.84,189323,125685,35666,35403
199602,100.6,100.9,100.75,98.71,204611,132511,39023,39326
199603,104.31,103.71,104.25,102.41,221513,142658,41810,41418
199604,103.32,109.16,88.56,106.78,239316,156087,52324,43187
199701,104.43,106.64,100.32,107.69,219117,147808,42139,42697
199702,104.94,106.93,99.92,109.2,232890,154447,45485,46189
199703,106.27,105.9,98.35,111.34,246178,157598,45830,47287
199704,107.16,106.04,99.05,110.61,253904,161954,52540,45894
199801,105.04,106.06,101.42,111.21,235701,157103,46994,45595
199802,106.84,105.73,102.1,111.62,251936,159194,49307,48379
199803,106.81,106.06,103.87,110.18,258043,163447,49839,47636
199804,105.59,104.65,103.1,105.22,256671,163187,55037,44249
199901,105.78,104.97,101.93,101.47,250668,164893,48863,44121
199902,106.34,105.03,103.08,100.23,268709,170252,51749,47152
199903,106.33,106.08,105.22,97.89,274126,178811,53944,46383
199904,107.84,107.94,107.18,99.88,294208,189576,60623,47432
200001,108.98,107.97,105.31,100.6,276927,176025,49216,56887
200002,110.53,109.42,104.37,104.67,292789,189996,52695,53911
200003,111.83,111.31,102.96,104.7,308896,200012,54588,53879
200004,113.21,112.36,104.11,108.46,320481,208493,68544,54811
200101,113.6,112.16,106.35,110.35,312470,203369,55190,61689
200102,113.07,112.79,106.64,107.5,323724,210284,58687,62067
200103,112.48,109.41,106.68,105.98,332524,211486,59988,60427
200104,112.15,110.27,107.96,100.06,347038,218362,80645,58153
200201,114.94,112.31,110.8,101.3,342297,215913,65697,62806
200202,115.2,113.59,110.93,103.62,367363,225796,71519,65569
200203,116.8,112.48,111.15,105.24,379795,233655,68751,67912
200204,117.99,112.02,111.05,107.47,399333,246172,88957,70596
200301,117.47,112.25,110.01,104.36,397242,257432,70185,70262
200302,116.48,111.3,111.19,97.03,418987,260277,78572,68696
200303,117.58,111.69,113.38,97.69,439350,267445,82553,71785
200304,118.8,112.65,116.34,102.07,462372,277306,96431,74519
200401,120.44,113.25,114.1,105.45,444783,274159,76588,76797
200402,123.76,114.8,118.31,108.94,481795,284833,84760,83337
200403,125.34,117.16,118.24,111.15,505252,301881,90362,90684
200404,126.29,120.04,117.76,109.28,525920,317821,109840,88268
200501,127.41,119.32,118.35,107.29,499710,308544,89562,85394
200502,128.75,120.32,119.01,112.38,535557,321752,95935,92729
200503,128.02,122.24,120.25,111.7,552859,332896,99485,96634
200504,129.64,124.01,120.22,111.89,582458,350104,125041,95462
200601,131.74,125.28,121.84,117.32,554270,345002,100992,96723
200602,132.14,127.27,121.89,116.6,581977,355817,105729,100733
200603,134.36,128.61,123.32,117.61,617848,368734,111875,108368
200604,135.93,130.45,127.85,121.32,655355,386663,140138,108850
200701,138.48,133.31,126.96,126.35,631423,384999,114489,109267
200702,140.8,135.07,130.02,131.44,670655,400751,123655,119167
200703,142.27,135.95,129.33,133.82,691846,410354,125131,129921
200704,144.42,139.88,128.67,137.46,726339,432652,152024,131177
200801,146.25,142.89,130.76,142.08,712055,433753,128394,132371
200802,149.19,144.53,130.59,149.86,769525,456473,139783,147733
200803,151.64,147.25,134.4,157.41,812603,480468,144805,168886
200804,145.92,144.86,129.82,144.59,815620,486816,172887,153856
200901,143.82,146.12,134.92,128.92,756127,474264,150521,134945
200902,146.47,150.31,133.32,137.77,803577,504220,150885,147362
200903,149.9,153.8,134.79,151.16,852843,534397,157480,172382
200904,153.76,154.89,137.97,162.96,920492,552152,196078,181988
201001,156.93,157.01,139.08,166.47,886397,546392,163726,177984
201002,158.94,158.5,139.94,169.4,944145,568567,172803,193393
201003,160.34,161.97,141.31,174.46,997935,596732,179940,214814
201004,162.63,165.38,141.82,175.64,1057370,628475,222498,211755
201101,164.81,166.94,142.93,179.73,1016531,623585,177786,209987
201102,166.48,169.18,144.33,183.02,1086712,648649,199020,220962
201103,166.11,168.51,143.76,185.17,1112334,668612,199027,237137
201104,167.62,169.4,143.44,185.44,1160805,696968,241205,233842
201201,165.23,171.77,146.31,184.52,1129474,694701,194540,233275
201202,168.21,173.1,147.16,184.82,1183126,718126,215509,244240
201203,171.11,175.35,146.42,183.21,1230449,753551,215553,259597
201204,171.16,177.29,147.73,186.88,1271711,790457,266578,260349
201301,172.08,178.16,146.47,189.04,1241614,777713,214488,256607
201302,174.45,180.48,148.79,200.25,1322580,805985,247033,279535
201303,175.28,181.61,149.84,197.44,1354134,833145,244366,291365
201304,175.56,181.5,151.42,195.43,1413291,873580,301388,287437
201401,177.04,184.46,149.62,196.1,1385981,873828,244484,287397
201402,174.43,183.46,150.59,187.47,1422322,888391,269158,282408
201403,174.32,183.66,151.22,183.09,1462125,912055,272878,289656
201404,175.24,186.42,149.97,182.75,1508525,964130,320354,288992
201501,173.85,183.23,149.27,177.17,1456659,936567,266316,277305
201502,169.75,179.72,148.09,164.85,1479970,938595,290179,267001
201503,166.96,176.42,148.36,155.61,1508228,959600,287922,270304
201504,165.68,175.2,147.08,147.35,1550930,1000430,341359,254787
201601,163.3,172.92,149.22,144.0,1500299,974593,284748,240662
201602,163.75,171.89,148.8,147.6,1559050,986780,312103,247849
201603,162.86,171.28,148.22,138.65,1577170,1016029,303263,246620
201604,162.68,170.87,147.89,136.1,1632808,1050734,377531,238139
201701,164.36,171.97,147.01,136.6,1585673,1017563,302818,230521
201702,165.73,174.8,147.27,136.5,1630730,1035708,333559,233218
201703,166.11,176.5,147.12,137.05,1648635,1070402,314361,245494
201704,167.01,177.04,148.69,141.42,1720441,1123586,377020,249546
201801,168.03,178.37,148.58,141.26,1682083,1088772,315174,245440
201802,167.84,178.79,148.94,142.1,1734099,1099647,342569,252954
201803,169.44,179.8,149.56,149.62,1767856,1143238,338339,285426
201804,169.02,180.0,147.6,147.18,1820103,1194145,397398,273588
201901,169.52,182.56,148.21,145.4,1757554,1155353,332854,263449
201902,170.5,183.28,148.14,152.83,1826761,1172601,367453,280716
201903,170.53,184.33,147.76,157.07,1880610,1216014,357184,308672
201904,172.03,185.38,147.67,148.3,1924206,1269611,419122,290349
202001,168.09,183.45,148.28,155.54,1868095,1211460,344792,302015
202002,153.17,162.8,136.32,130.7,1752724,1066604,381981,264650
202003,165.3,174.69,141.04,143.48,1929323,1200311,366836,316149
202004,171.65,180.91,144.28,163.52,2059455,1326629,438596,377414
202101,173.15,180.92,145.57,173.67,2156670,1287344,359922,396730
202102,171.94,178.42,147.45,165.31,2203639,1306327,411468,383293
202103,172.2,181.08,149.4,165.16,2295851,1413002,408387,419005
202104,174.49,182.48,151.29,166.27,2355982,1523898,491759,415754
202201,175.7,184.21,151.45,163.14,2319528,1475027,385343,410115
202202,177.71,187.96,150.13,168.48,2517481,1563936,456787,435559
202203,179.58,189.37,153.07,173.79,2601182,1626419,462230,476868
202204,180.35,191.34,151.76,171.8,2641485,1691277,550524,471681
202301,182.75,191.63,153.87,165.34,2581018,1635673,435039,440153
202302,184.2,193.52,157.49,165.72,2727580,1686827,511529,444049
202303,184.45,195.3,158.14,161.83,2769445,1748852,506846,454830
202304,185.14,196.92,159.86,164.63,2865301,1814674,630485,456877
202401,186.36,201.49,159.28,169.44,2764833,1784961,475444,458641
202402,189.55,203.79,160.91,174.16,2934759,1834839,551037,482720
202403,191.25,206.54,161.69,178.24,3015936,1932140,546460,524523
202404,191.4,205.27,160.09,180.48,3063723,1981637,637977,525913
202501,193.81,205.75,162.44,184.45,3024723,1934192,521189,530908
202502,194.5,207.36,162.41,181.01,3200345,1992000,598349,530091
202503,194.71,207.24,164.55,182.35,3235708,2050092,607065,558726
202504,195.2,207.45,166.13,175.41,3277790,2105049,710811,525325
202601,197.29,209.2,166.74,181.43,3250979,2054680,598994,535207
202602,198.24,208.27,167.44,183.6,3425728,2112893,667666,552092
