devolucao,grupo,ganho utilitário (%),ganho médio (%),capital_longo_prazo,desemprego_longo_prazo,capital_equilibrio,erro-padrão do ganho utilitário,erro-padrão do ganho médio,erro-padrão do capital,erro-padrão do desemprego
uniforme,50% com menor renda,1.06726,2.27596,-1.11614,-0.0517546,-1.44783,0.562335,0.559886,0.710578,0.0987996
uniforme,40% seguintes,-0.17385,0.164296,-1.11614,-0.0517546,-1.44783,0.208972,0.192701,0.710578,0.0987996
uniforme,10% com maior renda,-0.460724,-0.283863,-1.11614,-0.0517546,-1.44783,0.106196,0.0935719,0.710578,0.0987996
uniforme,todos,0.823805,1.17531,-1.11614,-0.0517546,-1.44783,0.494648,0.364834,0.710578,0.0987996
isenção,50% com menor renda,-0.570403,0.700805,-1.81093,-0.0867142,-1.39179,0.500078,0.482923,0.64083,0.095293
isenção,40% seguintes,0.797412,1.10603,-1.81093,-0.0867142,-1.39179,0.190019,0.174664,0.64083,0.095293
isenção,10% com maior renda,-0.451257,-0.290292,-1.81093,-0.0867142,-1.39179,0.0950109,0.0844808,0.64083,0.095293
isenção,todos,-0.342887,0.763787,-1.81093,-0.0867142,-1.39179,0.443205,0.319368,0.64083,0.095293
placebo,50% com menor renda,0.382923,1.72438,-0.228074,-0.058265,0,0.54739,0.533713,0.644771,0.0985278
placebo,40% seguintes,0.156753,0.509133,-0.228074,-0.058265,0,0.207822,0.192872,0.644771,0.0985278
placebo,10% com maior renda,0.0644576,0.234847,-0.228074,-0.058265,0,0.104664,0.0930062,0.644771,0.0985278
placebo,todos,0.330946,1.08933,-0.228074,-0.058265,0,0.483831,0.352855,0.644771,0.0985278
