grupo,ganho médio (%),ganha (%),ganho utilitário (%),semente,devolucao,capital_longo_prazo,desemprego_longo_prazo,capital_equilibrio
50% com menor renda,0.0703703,48.15,-0.535998,0,uniforme,-1.73665,0.087875,-1.44783
40% seguintes,-0.194635,46.0125,-0.575585,0,uniforme,-1.73665,0.087875,-1.44783
10% com maior renda,-0.324452,44.1,-0.564652,0,uniforme,-1.73665,0.087875,-1.44783
todos,-0.0751139,46.89,-0.545063,0,uniforme,-1.73665,0.087875,-1.44783
50% com menor renda,2.3782,58.74,1.98325,1,uniforme,-6.63307,0.070875,-1.44783
40% seguintes,1.03192,53.9125,0.758002,1,uniforme,-6.63307,0.070875,-1.44783
10% com maior renda,0.172906,47.85,-0.0829857,1,uniforme,-6.63307,0.070875,-1.44783
todos,1.61916,55.72,1.68978,1,uniforme,-6.63307,0.070875,-1.44783
50% com menor renda,0.710005,50.28,0.193561,2,uniforme,-2.9237,0.090375,-1.44783
40% seguintes,0.0881729,47.7,-0.215359,2,uniforme,-2.9237,0.090375,-1.44783
10% com maior renda,-0.168199,46.75,-0.384178,2,uniforme,-2.9237,0.090375,-1.44783
todos,0.373452,48.895,0.0966631,2,uniforme,-2.9237,0.090375,-1.44783
50% com menor renda,0.731036,51.5,0.211314,3,uniforme,-7.12024,-0.140687,-1.44783
40% seguintes,-0.158989,46.7625,-0.455089,3,uniforme,-7.12024,-0.140687,-1.44783
10% com maior renda,-0.332574,44.1,-0.626221,3,uniforme,-7.12024,-0.140687,-1.44783
todos,0.268665,48.865,0.0540469,3,uniforme,-7.12024,-0.140687,-1.44783
50% com menor renda,2.49909,59.68,2.18459,4,uniforme,-2.59229,0.1575,-1.44783
40% seguintes,0.557156,50.475,0.292403,4,uniforme,-2.59229,0.1575,-1.44783
10% com maior renda,0.106689,48.65,-0.128772,4,uniforme,-2.59229,0.1575,-1.44783
todos,1.48308,54.895,1.73977,4,uniforme,-2.59229,0.1575,-1.44783
50% com menor renda,-1.09383,40.79,-1.90483,5,uniforme,-1.51914,-0.0191875,-1.44783
40% seguintes,-1.1026,39.7875,-1.56647,5,uniforme,-1.51914,-0.0191875,-1.44783
10% com maior renda,-1.25842,38.65,-1.67289,5,uniforme,-1.51914,-0.0191875,-1.44783
todos,-1.1138,40.175,-1.82952,5,uniforme,-1.51914,-0.0191875,-1.44783
50% com menor renda,1.55951,54.26,1.13265,6,uniforme,-3.71613,0.002375,-1.44783
40% seguintes,0.271218,48.5375,-0.0476512,6,uniforme,-3.71613,0.002375,-1.44783
10% com maior renda,-0.266977,46.95,-0.528535,6,uniforme,-3.71613,0.002375,-1.44783
todos,0.861544,51.24,0.85294,6,uniforme,-3.71613,0.002375,-1.44783
50% com menor renda,-2.44497,35.14,-3.32415,7,uniforme,0.0729114,-0.108625,-1.44783
40% seguintes,-1.56694,36.1,-2.05832,7,uniforme,0.0729114,-0.108625,-1.44783
10% com maior renda,-1.31716,40.05,-1.72249,7,uniforme,0.0729114,-0.108625,-1.44783
todos,-1.98098,36.015,-3.03135,7,uniforme,0.0729114,-0.108625,-1.44783
50% com menor renda,3.26296,63.57,2.99879,8,uniforme,-5.01064,-0.0299375,-1.44783
40% seguintes,1.25953,56.75,1.02357,8,uniforme,-5.01064,-0.0299375,-1.44783
10% com maior renda,0.662404,52,0.439469,8,uniforme,-5.01064,-0.0299375,-1.44783
todos,2.20153,59.685,2.53243,8,uniforme,-5.01064,-0.0299375,-1.44783
50% com menor renda,-3.58932,29.16,-4.52626,9,uniforme,1.68236,0.0133125,-1.44783
40% seguintes,-1.889,34.5375,-2.30858,9,uniforme,1.68236,0.0133125,-1.44783
10% com maior renda,-1.54449,35.95,-1.91972,9,uniforme,1.68236,0.0133125,-1.44783
todos,-2.70471,31.99,-4.01683,9,uniforme,1.68236,0.0133125,-1.44783
50% com menor renda,2.03383,57.22,1.57911,10,uniforme,-2.43703,0.0335625,-1.44783
40% seguintes,0.687584,52.45,0.364727,10,uniforme,-2.43703,0.0335625,-1.44783
10% com maior renda,-0.0262763,48.25,-0.353606,10,uniforme,-2.43703,0.0335625,-1.44783
todos,1.28932,54.415,1.29002,10,uniforme,-2.43703,0.0335625,-1.44783
50% com menor renda,1.22971,52.7,0.809083,11,uniforme,-0.932165,-0.099,-1.44783
40% seguintes,0.223187,48.7375,-0.0294799,11,uniforme,-0.932165,-0.099,-1.44783
10% com maior renda,-0.134934,45.45,-0.38978,11,uniforme,-0.932165,-0.099,-1.44783
todos,0.690638,50.39,0.61082,11,uniforme,-0.932165,-0.099,-1.44783
50% com menor renda,1.07657,53.62,0.568793,12,uniforme,5.46602,-0.0625625,-1.44783
40% seguintes,0.256729,49.9125,-0.0460162,12,uniforme,5.46602,-0.0625625,-1.44783
10% com maior renda,0.253104,48.3,0.0138651,12,uniforme,5.46602,-0.0625625,-1.44783
todos,0.666289,51.605,0.427298,12,uniforme,5.46602,-0.0625625,-1.44783
50% com menor renda,0.779276,49.98,0.350859,13,uniforme,5.98323,0.108375,-1.44783
40% seguintes,-0.00882161,47.8,-0.388839,13,uniforme,5.98323,0.108375,-1.44783
10% com maior renda,-0.3379,45.65,-0.669486,13,uniforme,5.98323,0.108375,-1.44783
todos,0.35232,48.675,0.176626,13,uniforme,5.98323,0.108375,-1.44783
50% com menor renda,2.0193,57.25,1.61901,14,uniforme,3.47144,0.164375,-1.44783
40% seguintes,0.807645,52.7,0.527266,14,uniforme,3.47144,0.164375,-1.44783
10% com maior renda,0.309391,49.75,0.0938823,14,uniforme,3.47144,0.164375,-1.44783
todos,1.36365,54.68,1.36217,14,uniforme,3.47144,0.164375,-1.44783
50% com menor renda,0.386799,48.25,-0.235597,15,uniforme,-0.746012,-0.0325,-1.44783
40% seguintes,0.101753,48.425,-0.219614,15,uniforme,-0.746012,-0.0325,-1.44783
10% com maior renda,-0.386682,46.25,-0.808362,15,uniforme,-0.746012,-0.0325,-1.44783
todos,0.195432,48.12,-0.239481,15,uniforme,-0.746012,-0.0325,-1.44783
50% com menor renda,-3.80783,29.08,-4.72554,16,uniforme,-8.249,-0.14875,-1.44783
40% seguintes,-2.28005,32.8875,-2.82905,16,uniforme,-8.249,-0.14875,-1.44783
10% com maior renda,-1.50436,37.35,-1.94238,16,uniforme,-8.249,-0.14875,-1.44783
todos,-2.96637,31.43,-4.28281,16,uniforme,-8.249,-0.14875,-1.44783
50% com menor renda,0.769335,51.82,0.142063,17,uniforme,-3.21796,0.088625,-1.44783
40% seguintes,0.154565,48.45,-0.187756,17,uniforme,-3.21796,0.088625,-1.44783
10% com maior renda,-0.409844,45.4,-0.764384,17,uniforme,-3.21796,0.088625,-1.44783
todos,0.405509,49.83,0.0594241,17,uniforme,-3.21796,0.088625,-1.44783
50% com menor renda,1.40515,54.91,0.871941,18,uniforme,-3.90188,-0.07175,-1.44783
40% seguintes,0.186876,49.675,-0.14605,18,uniforme,-3.90188,-0.07175,-1.44783
10% com maior renda,0.175758,49.15,-0.136769,18,uniforme,-3.90188,-0.07175,-1.44783
todos,0.794903,52.24,0.638663,18,uniforme,-3.90188,-0.07175,-1.44783
50% com menor renda,0.782573,50.87,0.311332,19,uniforme,-6.21487,-0.126625,-1.44783
40% seguintes,-0.291624,45.6875,-0.659705,19,uniforme,-6.21487,-0.126625,-1.44783
10% com maior renda,-0.56864,43.45,-0.971464,19,uniforme,-6.21487,-0.126625,-1.44783
todos,0.217773,48.055,0.0826877,19,uniforme,-6.21487,-0.126625,-1.44783
50% com menor renda,2.84626,61.3,2.59773,20,uniforme,-1.19979,-0.08125,-1.44783
40% seguintes,0.972688,54.225,0.690811,20,uniforme,-1.19979,-0.08125,-1.44783
10% com maior renda,0.234924,49.75,0.027814,20,uniforme,-1.19979,-0.08125,-1.44783
todos,1.8357,57.315,2.14474,20,uniforme,-1.19979,-0.08125,-1.44783
50% com menor renda,1.25287,53.76,0.755275,21,uniforme,-6.79778,-0.011375,-1.44783
40% seguintes,0.551845,50.525,0.271594,21,uniforme,-6.79778,-0.011375,-1.44783
10% com maior renda,-0.0303068,47.45,-0.204905,21,uniforme,-6.79778,-0.011375,-1.44783
todos,0.844142,51.835,0.63751,21,uniforme,-6.79778,-0.011375,-1.44783
50% com menor renda,2.21818,58.52,1.8591,22,uniforme,-1.35664,0.0191875,-1.44783
40% seguintes,0.909904,53.5,0.718785,22,uniforme,-1.35664,0.0191875,-1.44783
10% com maior renda,0.0353209,48.55,-0.223839,22,uniforme,-1.35664,0.0191875,-1.44783
todos,1.47658,55.515,1.58142,22,uniforme,-1.35664,0.0191875,-1.44783
50% com menor renda,2.1433,56.07,1.84781,23,uniforme,1.95071,-0.111125,-1.44783
40% seguintes,0.537296,51.15,0.236903,23,uniforme,1.95071,-0.111125,-1.44783
10% com maior renda,0.00326424,48.65,-0.262823,23,uniforme,1.95071,-0.111125,-1.44783
todos,1.28689,53.36,1.46885,23,uniforme,1.95071,-0.111125,-1.44783
50% com menor renda,-2.56523,34.44,-3.35339,24,uniforme,-6.52624,0.0640625,-1.44783
40% seguintes,-1.6207,37.025,-2.1171,24,uniforme,-6.52624,0.0640625,-1.44783
10% com maior renda,-1.05433,38.65,-1.36167,24,uniforme,-6.52624,0.0640625,-1.44783
todos,-2.03633,35.895,-3.05944,24,uniforme,-6.52624,0.0640625,-1.44783
50% com menor renda,4.79103,68.97,4.5247,25,uniforme,-0.606218,0.071375,-1.44783
40% seguintes,1.56617,57.5375,1.33999,25,uniforme,-0.606218,0.071375,-1.44783
10% com maior renda,0.736097,53.35,0.503826,25,uniforme,-0.606218,0.071375,-1.44783
todos,3.09559,62.835,3.77525,25,uniforme,-0.606218,0.071375,-1.44783
50% com menor renda,-0.314768,45.23,-0.862289,26,uniforme,-5.43147,-0.069375,-1.44783
40% seguintes,-0.574783,43.7625,-0.94721,26,uniforme,-5.43147,-0.069375,-1.44783
10% com maior renda,-0.466842,42.4,-0.776794,26,uniforme,-5.43147,-0.069375,-1.44783
todos,-0.433981,44.36,-0.879712,26,uniforme,-5.43147,-0.069375,-1.44783
50% com menor renda,-1.2579,41.81,-1.93358,27,uniforme,-1.89606,-0.0690625,-1.44783
40% seguintes,-0.454574,44.35,-0.816313,27,uniforme,-1.89606,-0.0690625,-1.44783
10% com maior renda,-0.440489,44.4,-0.767619,27,uniforme,-1.89606,-0.0690625,-1.44783
todos,-0.854829,43.085,-1.67674,27,uniforme,-1.89606,-0.0690625,-1.44783
50% com menor renda,5.41199,72.07,5.32935,28,uniforme,-1.92105,-0.139313,-1.44783
40% seguintes,1.89576,60.475,1.69686,28,uniforme,-1.92105,-0.139313,-1.44783
10% com maior renda,1.25389,55,1.13068,28,uniforme,-1.92105,-0.139313,-1.44783
todos,3.58969,65.725,4.47151,28,uniforme,-1.92105,-0.139313,-1.44783
50% com menor renda,-1.34377,40.27,-2.04822,29,uniforme,-4.3441,0.108625,-1.44783
40% seguintes,-0.970606,39.8125,-1.38309,29,uniforme,-4.3441,0.108625,-1.44783
10% com maior renda,-1.00076,40.55,-1.39115,29,uniforme,-4.3441,0.108625,-1.44783
todos,-1.1602,40.115,-1.89574,29,uniforme,-4.3441,0.108625,-1.44783
50% com menor renda,2.6627,58.49,2.37182,30,uniforme,-5.35848,0.145875,-1.44783
40% seguintes,0.210867,49.3125,-0.0728702,30,uniforme,-5.35848,0.145875,-1.44783
10% com maior renda,0.164423,48.25,-0.0520912,30,uniforme,-5.35848,0.145875,-1.44783
todos,1.43214,53.795,1.8074,30,uniforme,-5.35848,0.145875,-1.44783
50% com menor renda,1.15176,52.41,0.646348,31,uniforme,-3.36643,-0.009125,-1.44783
40% seguintes,0.266085,49.05,-0.0336214,31,uniforme,-3.36643,-0.009125,-1.44783
10% com maior renda,0.173944,47.95,-0.0770232,31,uniforme,-3.36643,-0.009125,-1.44783
todos,0.69971,50.62,0.489479,31,uniforme,-3.36643,-0.009125,-1.44783
50% com menor renda,-0.275881,46.96,-0.999572,32,uniforme,-4.70846,0.1245,-1.44783
40% seguintes,-0.259199,45.3125,-0.610101,32,uniforme,-4.70846,0.1245,-1.44783
10% com maior renda,-0.750378,42.85,-1.15311,32,uniforme,-4.70846,0.1245,-1.44783
todos,-0.316658,45.89,-0.917048,32,uniforme,-4.70846,0.1245,-1.44783
50% com menor renda,2.9671,61.06,2.59977,33,uniforme,-0.934363,0.114625,-1.44783
40% seguintes,0.974953,53.6125,0.71672,33,uniforme,-0.934363,0.114625,-1.44783
10% com maior renda,0.350204,49.9,0.111141,33,uniforme,-0.934363,0.114625,-1.44783
todos,1.90855,56.965,2.15778,33,uniforme,-0.934363,0.114625,-1.44783
50% com menor renda,-0.177763,45.58,-0.827598,34,uniforme,-7.28395,-0.181313,-1.44783
40% seguintes,-0.367535,45.425,-0.787763,34,uniforme,-7.28395,-0.181313,-1.44783
10% com maior renda,-0.379679,43.8,-0.637217,34,uniforme,-7.28395,-0.181313,-1.44783
todos,-0.273863,45.34,-0.816558,34,uniforme,-7.28395,-0.181313,-1.44783
50% com menor renda,2.26841,58.16,1.86001,35,uniforme,-8.43042,-0.01275,-1.44783
40% seguintes,0.84646,53.575,0.543151,35,uniforme,-8.43042,-0.01275,-1.44783
10% com maior renda,0.332103,50.55,0.110087,35,uniforme,-8.43042,-0.01275,-1.44783
todos,1.506,55.565,1.55008,35,uniforme,-8.43042,-0.01275,-1.44783
50% com menor renda,-2.88671,33.47,-3.86938,36,uniforme,-6.44075,0.043875,-1.44783
40% seguintes,-1.32491,38.6375,-1.76012,36,uniforme,-6.44075,0.043875,-1.44783
10% com maior renda,-0.986079,40.3,-1.32347,36,uniforme,-6.44075,0.043875,-1.44783
todos,-2.07193,36.22,-3.38843,36,uniforme,-6.44075,0.043875,-1.44783
50% com menor renda,1.29211,52.85,0.822487,37,uniforme,2.41263,-0.038,-1.44783
40% seguintes,-0.103223,47.6375,-0.473879,37,uniforme,2.41263,-0.038,-1.44783
10% com maior renda,-0.275471,45.75,-0.664927,37,uniforme,2.41263,-0.038,-1.44783
todos,0.577219,50.055,0.522835,37,uniforme,2.41263,-0.038,-1.44783
50% com menor renda,-4.30506,27.47,-5.39462,38,uniforme,-5.13899,0.167687,-1.44783
40% seguintes,-2.09529,32.875,-2.62096,38,uniforme,-5.13899,0.167687,-1.44783
10% com maior renda,-1.82706,33.1,-2.22758,38,uniforme,-5.13899,0.167687,-1.44783
todos,-3.17335,30.195,-4.76208,38,uniforme,-5.13899,0.167687,-1.44783
50% com menor renda,-0.946282,41.75,-1.60255,39,uniforme,-4.74528,-0.0159375,-1.44783
40% seguintes,-0.675916,43.4875,-1.07451,39,uniforme,-4.74528,-0.0159375,-1.44783
10% com maior renda,-0.671333,41.95,-1.06112,39,uniforme,-4.74528,-0.0159375,-1.44783
todos,-0.810641,42.465,-1.48197,39,uniforme,-4.74528,-0.0159375,-1.44783
50% com menor renda,-2.62467,34.01,-3.43475,40,uniforme,2.71213,0.047125,-1.44783
40% seguintes,-1.33987,38.2125,-1.75588,40,uniforme,2.71213,0.047125,-1.44783
10% com maior renda,-1.01903,40.4,-1.33153,40,uniforme,2.71213,0.047125,-1.44783
todos,-1.95019,36.33,-3.04693,40,uniforme,2.71213,0.047125,-1.44783
50% com menor renda,1.7633,55.72,1.2926,41,uniforme,-4.27637,0.0193125,-1.44783
40% seguintes,0.484442,50.8375,0.188611,41,uniforme,-4.27637,0.0193125,-1.44783
10% com maior renda,0.199588,49.65,-0.100968,41,uniforme,-4.27637,0.0193125,-1.44783
todos,1.09539,53.16,1.03496,41,uniforme,-4.27637,0.0193125,-1.44783
50% com menor renda,2.36422,58.56,1.89282,42,uniforme,7.33453,-0.1335,-1.44783
40% seguintes,0.607521,51,0.351375,42,uniforme,7.33453,-0.1335,-1.44783
10% com maior renda,-0.252423,46.6,-0.574591,42,uniforme,7.33453,-0.1335,-1.44783
todos,1.39988,54.34,1.52751,42,uniforme,7.33453,-0.1335,-1.44783
50% com menor renda,-0.730417,42.58,-1.31236,43,uniforme,5.18519,0.11725,-1.44783
40% seguintes,-0.45997,45,-0.864367,43,uniforme,5.18519,0.11725,-1.44783
10% com maior renda,-0.345531,44.35,-0.647574,43,uniforme,5.18519,0.11725,-1.44783
todos,-0.58375,43.725,-1.20705,43,uniforme,5.18519,0.11725,-1.44783
50% com menor renda,1.48094,55.94,1.03286,44,uniforme,-1.1219,-0.235813,-1.44783
40% seguintes,0.624875,52.375,0.319781,44,uniforme,-1.1219,-0.235813,-1.44783
10% com maior renda,0.16499,50.4,-0.119108,44,uniforme,-1.1219,-0.235813,-1.44783
todos,1.00692,53.96,0.86162,44,uniforme,-1.1219,-0.235813,-1.44783
50% com menor renda,1.93597,56.61,1.51334,45,uniforme,0.342527,-0.043875,-1.44783
40% seguintes,0.628786,51.7,0.310329,45,uniforme,0.342527,-0.043875,-1.44783
10% com maior renda,0.214048,48.25,-0.0191219,45,uniforme,0.342527,-0.043875,-1.44783
todos,1.24091,53.81,1.23136,45,uniforme,0.342527,-0.043875,-1.44783
50% com menor renda,0.490281,49.58,-0.0925648,46,uniforme,-5.11691,-0.145438,-1.44783
40% seguintes,-0.189616,46.7625,-0.549649,46,uniforme,-5.11691,-0.145438,-1.44783
10% com maior renda,-0.309736,44.9,-0.52009,46,uniforme,-5.11691,-0.145438,-1.44783
todos,0.138321,47.985,-0.197102,46,uniforme,-5.11691,-0.145438,-1.44783
50% com menor renda,-0.419833,44.58,-1.05094,47,uniforme,3.15268,0.208187,-1.44783
40% seguintes,-0.16296,46.6125,-0.509398,47,uniforme,3.15268,0.208187,-1.44783
10% com maior renda,-0.358348,46,-0.702225,47,uniforme,3.15268,0.208187,-1.44783
todos,-0.310935,45.535,-0.929653,47,uniforme,3.15268,0.208187,-1.44783
50% com menor renda,-5.6492,22.44,-6.88069,0,isenção,-3.87909,0.0860625,-1.412
40% seguintes,-0.893027,42.875,-1.35216,0,isenção,-3.87909,0.0860625,-1.412
10% com maior renda,-1.37374,37.05,-1.72061,0,isenção,-3.87909,0.0860625,-1.412
todos,-3.31918,32.075,-5.65556,0,isenção,-3.87909,0.0860625,-1.412
50% com menor renda,-1.8443,37.82,-2.63887,1,isenção,0.257627,0.059625,-1.412
40% seguintes,0.540225,51.375,0.192232,1,isenção,0.257627,0.059625,-1.412
10% com maior renda,-0.708988,41.75,-1.02286,1,isenção,0.257627,0.059625,-1.412
todos,-0.776958,43.635,-2.02161,1,isenção,0.257627,0.059625,-1.412
50% com menor renda,0.270582,47.84,-0.243959,2,isenção,-4.36766,0.081125,-1.412
40% seguintes,1.46327,58.9625,1.19046,2,isenção,-4.36766,0.081125,-1.412
10% com maior renda,0.0105866,48.15,-0.212647,2,isenção,-4.36766,0.081125,-1.412
todos,0.721658,52.32,0.0654627,2,isenção,-4.36766,0.081125,-1.412
50% com menor renda,-2.58947,33.42,-3.33584,3,isenção,-0.441848,-0.0014375,-1.412
40% seguintes,0.160542,49.6875,-0.221866,3,isenção,-0.441848,-0.0014375,-1.412
10% com maior renda,-0.96617,40.05,-1.29667,3,isenção,-0.441848,-0.0014375,-1.412
todos,-1.32714,40.59,-2.64613,3,isenção,-0.441848,-0.0014375,-1.412
50% com menor renda,1.25218,53.03,0.712782,4,isenção,-1.41652,0.06675,-1.412
40% seguintes,1.61731,58.9375,1.29979,4,isenção,-1.41652,0.06675,-1.412
10% com maior renda,0.173667,48.35,-0.0419836,4,isenção,-1.41652,0.06675,-1.412
todos,1.29038,54.925,0.829165,4,isenção,-1.41652,0.06675,-1.412
50% com menor renda,1.0474,50.39,0.567983,5,isenção,4.16056,-0.109875,-1.412
40% seguintes,1.68961,58.9375,1.44935,5,isenção,4.16056,-0.109875,-1.412
10% com maior renda,-0.00196075,47.6,-0.330958,5,isenção,4.16056,-0.109875,-1.412
todos,1.19935,53.53,0.744111,5,isenção,4.16056,-0.109875,-1.412
50% com menor renda,-2.75584,32.66,-3.53915,6,isenção,0.0186136,0.0039375,-1.412
40% seguintes,-0.0309235,47.1375,-0.409226,6,isenção,0.0186136,0.0039375,-1.412
10% com maior renda,-1.03748,40.2,-1.40412,6,isenção,0.0186136,0.0039375,-1.412
todos,-1.49404,39.205,-2.8506,6,isenção,0.0186136,0.0039375,-1.412
50% com menor renda,-1.07428,40.47,-1.65463,7,isenção,0.965499,-0.114812,-1.412
40% seguintes,0.6929,52.0375,0.405429,7,isenção,0.965499,-0.114812,-1.412
10% com maior renda,-0.52953,43.3,-0.854964,7,isenção,0.965499,-0.114812,-1.412
todos,-0.312934,45.38,-1.20382,7,isenção,0.965499,-0.114812,-1.412
50% com menor renda,-0.389977,44.87,-1.02616,8,isenção,-1.9637,-0.02675,-1.412
40% seguintes,1.51482,58.5375,1.21682,8,isenção,-1.9637,-0.02675,-1.412
10% com maior renda,0.136743,48.8,-0.164518,8,isenção,-1.9637,-0.02675,-1.412
todos,0.424613,50.73,-0.539249,8,isenção,-1.9637,-0.02675,-1.412
50% com menor renda,-6.80588,18.14,-7.97951,9,isenção,-4.00468,0.1005,-1.412
40% seguintes,-1.55897,37.675,-2.06656,9,isenção,-4.00468,0.1005,-1.412
10% com maior renda,-1.93192,35.7,-2.36756,9,isenção,-4.00468,0.1005,-1.412
todos,-4.21972,27.71,-6.67824,9,isenção,-4.00468,0.1005,-1.412
50% com menor renda,-0.257239,46.1,-0.924821,10,isenção,-2.15491,-0.05925,-1.412
40% seguintes,1.4792,58.1375,1.20532,10,isenção,-2.15491,-0.05925,-1.412
10% com maior renda,0.113043,48.8,-0.0993025,10,isenção,-2.15491,-0.05925,-1.412
todos,0.474364,51.185,-0.463077,10,isenção,-2.15491,-0.05925,-1.412
50% com menor renda,-1.703,38.28,-2.47221,11,isenção,-0.526423,-0.235187,-1.412
40% seguintes,0.682833,53.2,0.33464,11,isenção,-0.526423,-0.235187,-1.412
10% com maior renda,-0.558718,44.3,-0.883966,11,isenção,-0.526423,-0.235187,-1.412
todos,-0.634237,44.85,-1.85769,11,isenção,-0.526423,-0.235187,-1.412
50% com menor renda,-2.94861,32.82,-3.8191,12,isenção,2.80173,0.180875,-1.412
40% seguintes,0.0918545,48.2375,-0.256295,12,isenção,2.80173,0.180875,-1.412
10% com maior renda,-0.45064,42.3,-0.716717,12,isenção,2.80173,0.180875,-1.412
todos,-1.48263,39.935,-3.0269,12,isenção,2.80173,0.180875,-1.412
50% com menor renda,-4.35554,27.41,-5.44482,13,isenção,2.67741,0.165687,-1.412
40% seguintes,-0.779633,44.1125,-1.30233,13,isenção,2.67741,0.165687,-1.412
10% com maior renda,-1.34738,36.3,-1.73317,13,isenção,2.67741,0.165687,-1.412
todos,-2.62436,34.98,-4.53132,13,isenção,2.67741,0.165687,-1.412
50% com menor renda,3.37036,63.47,3.16401,14,isenção,2.60699,0.111625,-1.412
40% seguintes,2.99989,67.0625,2.9071,14,isenção,2.60699,0.111625,-1.412
10% com maior renda,0.923751,54.55,0.751671,14,isenção,2.60699,0.111625,-1.412
todos,2.97751,64.015,3.07704,14,isenção,2.60699,0.111625,-1.412
50% com menor renda,0.432216,48.5,-0.211306,15,isenção,-2.78303,0.0865,-1.412
40% seguintes,1.68324,59.3375,1.37621,15,isenção,-2.78303,0.0865,-1.412
10% com maior renda,0.106493,50.4,-0.15957,15,isenção,-2.78303,0.0865,-1.412
todos,0.900055,53.025,0.125643,15,isenção,-2.78303,0.0865,-1.412
50% com menor renda,-2.54758,34.15,-3.30413,16,isenção,-8.66226,-0.0955,-1.412
40% seguintes,-0.250906,47.05,-0.659148,16,isenção,-8.66226,-0.0955,-1.412
10% com maior renda,-0.682089,40.2,-0.948115,16,isenção,-8.66226,-0.0955,-1.412
todos,-1.44236,39.915,-2.70922,16,isenção,-8.66226,-0.0955,-1.412
50% com menor renda,1.08712,52.03,0.569822,17,isenção,-7.15343,0.0593125,-1.412
40% seguintes,1.73473,60.375,1.46483,17,isenção,-7.15343,0.0593125,-1.412
10% com maior renda,0.0390596,49.05,-0.306443,17,isenção,-7.15343,0.0593125,-1.412
todos,1.24136,55.07,0.749412,17,isenção,-7.15343,0.0593125,-1.412
50% com menor renda,0.681322,50.01,0.0856988,18,isenção,-5.24277,-0.133125,-1.412
40% seguintes,1.40781,58.75,1.08427,18,isenção,-5.24277,-0.133125,-1.412
10% com maior renda,0.128386,49.55,-0.169042,18,isenção,-5.24277,-0.133125,-1.412
todos,0.916622,53.46,0.295166,18,isenção,-5.24277,-0.133125,-1.412
50% com menor renda,-1.61813,38.81,-2.35113,19,isenção,-2.52708,0.124062,-1.412
40% seguintes,0.454361,51.875,0.108143,19,isenção,-2.52708,0.124062,-1.412
10% com maior renda,-0.616611,43.3,-0.849775,19,isenção,-2.52708,0.124062,-1.412
todos,-0.688981,44.485,-1.80946,19,isenção,-2.52708,0.124062,-1.412
50% com menor renda,0.0265043,45.96,-0.519155,20,isenção,-2.83926,0.091125,-1.412
40% seguintes,1.59313,59.2625,1.33755,20,isenção,-2.83926,0.091125,-1.412
10% com maior renda,-0.0655751,46.95,-0.272953,20,isenção,-2.83926,0.091125,-1.412
todos,0.643947,51.38,-0.119426,20,isenção,-2.83926,0.091125,-1.412
50% com menor renda,-2.75915,33.16,-3.61714,21,isenção,-6.25316,-0.010125,-1.412
40% seguintes,0.436158,51.675,0.0536741,21,isenção,-6.25316,-0.010125,-1.412
10% com maior renda,-0.694864,43.7,-0.985586,21,isenção,-6.25316,-0.010125,-1.412
todos,-1.2746,41.62,-2.81046,21,isenção,-6.25316,-0.010125,-1.412
50% com menor renda,0.174657,47.8,-0.368571,22,isenção,6.33164,0.163375,-1.412
40% seguintes,1.3755,57.175,1.12125,22,isenção,6.33164,0.163375,-1.412
10% com maior renda,-0.0953476,45.75,-0.361862,22,isenção,6.33164,0.163375,-1.412
todos,0.627992,51.345,-0.0480955,22,isenção,6.33164,0.163375,-1.412
50% com menor renda,-0.90423,41.5,-1.51224,23,isenção,-1.35468,-0.103125,-1.412
40% seguintes,0.641983,51.675,0.339192,23,isenção,-1.35468,-0.103125,-1.412
10% com maior renda,-0.528681,44.15,-0.86056,23,isenção,-1.35468,-0.103125,-1.412
todos,-0.24819,45.835,-1.11066,23,isenção,-1.35468,-0.103125,-1.412
50% com menor renda,-2.34059,35.2,-3.07566,24,isenção,-3.43704,0.064,-1.412
40% seguintes,0.292098,50.2875,-0.0636911,24,isenção,-3.43704,0.064,-1.412
10% com maior renda,-0.612722,41.9,-0.865772,24,isenção,-3.43704,0.064,-1.412
todos,-1.11473,41.905,-2.40268,24,isenção,-3.43704,0.064,-1.412
50% com menor renda,3.77988,63.28,3.56632,25,isenção,0.819843,-0.0614375,-1.412
40% seguintes,2.6956,65.1375,2.52912,25,isenção,0.819843,-0.0614375,-1.412
10% com maior renda,0.888316,53.05,0.644662,25,isenção,0.819843,-0.0614375,-1.412
todos,3.05701,63,3.30506,25,isenção,0.819843,-0.0614375,-1.412
50% com menor renda,-4.28509,26.74,-5.23282,26,isenção,-7.30921,-0.050125,-1.412
40% seguintes,-0.477361,44.9625,-0.868941,26,isenção,-7.30921,-0.050125,-1.412
10% com maior renda,-1.03487,38.95,-1.38438,26,isenção,-7.30921,-0.050125,-1.412
todos,-2.43698,35.25,-4.26489,26,isenção,-7.30921,-0.050125,-1.412
50% com menor renda,-1.72029,37.34,-2.3806,27,isenção,-1.46839,0.139313,-1.412
40% seguintes,0.497573,51.2875,0.106377,27,isenção,-1.46839,0.139313,-1.412
10% com maior renda,-0.395686,44.35,-0.678852,27,isenção,-1.46839,0.139313,-1.412
todos,-0.700682,43.62,-1.82626,27,isenção,-1.46839,0.139313,-1.412
50% com menor renda,-0.560323,42.96,-1.23211,28,isenção,-3.39563,-0.120312,-1.412
40% seguintes,0.704212,53.3875,0.379352,28,isenção,-3.39563,-0.120312,-1.412
10% com maior renda,-0.264784,45.05,-0.523543,28,isenção,-3.39563,-0.120312,-1.412
todos,-0.0249552,47.34,-0.880956,28,isenção,-3.39563,-0.120312,-1.412
50% com menor renda,-4.21727,27.13,-5.15856,29,isenção,-1.62588,-0.02675,-1.412
40% seguintes,-0.36857,44.95,-0.745577,29,isenção,-1.62588,-0.02675,-1.412
10% com maior renda,-1.4766,37.55,-1.8676,29,isenção,-1.62588,-0.02675,-1.412
todos,-2.40372,35.3,-4.18979,29,isenção,-1.62588,-0.02675,-1.412
50% com menor renda,-0.78136,42.29,-1.4862,30,isenção,-6.07396,0.140313,-1.412
40% seguintes,0.660676,53.525,0.323985,30,isenção,-6.07396,0.140313,-1.412
10% com maior renda,-0.360979,44.65,-0.591889,30,isenção,-6.07396,0.140313,-1.412
todos,-0.162508,47.02,-1.09296,30,isenção,-6.07396,0.140313,-1.412
50% com menor renda,-2.36137,35.18,-3.22659,31,isenção,-5.23139,-0.0916875,-1.412
40% seguintes,0.271998,50,-0.104448,31,isenção,-5.23139,-0.0916875,-1.412
10% com maior renda,-0.640099,42.55,-0.909244,31,isenção,-5.23139,-0.0916875,-1.412
todos,-1.1359,41.845,-2.53989,31,isenção,-5.23139,-0.0916875,-1.412
50% com menor renda,0.0645657,46.69,-0.447893,32,isenção,-3.31934,0.0945,-1.412
40% seguintes,1.55005,58.7375,1.24779,32,isenção,-3.31934,0.0945,-1.412
10% com maior renda,-0.0368179,48.35,-0.328634,32,isenção,-3.31934,0.0945,-1.412
todos,0.648622,51.675,-0.082101,32,isenção,-3.31934,0.0945,-1.412
50% com menor renda,1.39653,53.88,0.870659,33,isenção,1.26457,0.0546875,-1.412
40% seguintes,1.71386,59.6375,1.44546,33,isenção,1.26457,0.0546875,-1.412
10% com maior renda,0.184301,49.85,-0.199431,33,isenção,1.26457,0.0546875,-1.412
todos,1.40224,55.78,0.979595,33,isenção,1.26457,0.0546875,-1.412
50% com menor renda,-2.59981,34.64,-3.42194,34,isenção,4.89384,-0.0186875,-1.412
40% seguintes,-0.0132466,48.4375,-0.404112,34,isenção,4.89384,-0.0186875,-1.412
10% com maior renda,-0.581822,41.8,-0.902948,34,isenção,4.89384,-0.0186875,-1.412
todos,-1.36339,40.875,-2.75401,34,isenção,4.89384,-0.0186875,-1.412
50% com menor renda,-0.592164,42.51,-1.19006,35,isenção,0.68489,-0.10425,-1.412
40% seguintes,1.08171,55.2625,0.784911,35,isenção,0.68489,-0.10425,-1.412
10% com maior renda,-0.190588,46.25,-0.515312,35,isenção,0.68489,-0.10425,-1.412
todos,0.117543,47.985,-0.761606,35,isenção,0.68489,-0.10425,-1.412
50% com menor renda,2.37252,59.78,2.03757,36,isenção,-6.78504,0.0065625,-1.412
40% seguintes,2.5199,64.4125,2.36749,36,isenção,-6.78504,0.0065625,-1.412
10% com maior renda,0.683007,53.25,0.478877,36,isenção,-6.78504,0.0065625,-1.412
todos,2.26252,60.98,2.08841,36,isenção,-6.78504,0.0065625,-1.412
50% com menor renda,0.518612,48.72,-0.028059,37,isenção,1.04289,-0.0120625,-1.412
40% seguintes,1.39891,57.725,1.09807,37,isenção,1.04289,-0.0120625,-1.412
10% com maior renda,0.240806,50.05,0.0525163,37,isenção,1.04289,-0.0120625,-1.412
todos,0.84295,52.455,0.212082,37,isenção,1.04289,-0.0120625,-1.412
50% com menor renda,-5.51948,22.93,-6.63548,38,isenção,-0.0152801,0.2,-1.412
40% seguintes,-0.719462,42.575,-1.17728,38,isenção,-0.0152801,0.2,-1.412
10% com maior renda,-1.38388,36.85,-1.72993,38,isenção,-0.0152801,0.2,-1.412
todos,-3.18591,32.18,-5.43344,38,isenção,-0.0152801,0.2,-1.412
50% com menor renda,-1.56269,39.6,-2.35392,39,isenção,-5.9278,-0.156063,-1.412
40% seguintes,0.614846,52.25,0.273325,39,isenção,-5.9278,-0.156063,-1.412
10% com maior renda,-0.587471,43.1,-0.93333,39,isenção,-5.9278,-0.156063,-1.412
todos,-0.594152,45.01,-1.77965,39,isenção,-5.9278,-0.156063,-1.412
50% com menor renda,-5.18647,24.11,-6.23332,40,isenção,5.9803,-0.021125,-1.412
40% seguintes,-0.790058,43.6375,-1.28681,40,isenção,5.9803,-0.021125,-1.412
10% com maior renda,-1.44388,37.65,-1.89832,40,isenção,5.9803,-0.021125,-1.412
todos,-3.05365,33.275,-5.14328,40,isenção,5.9803,-0.021125,-1.412
50% com menor renda,-1.69693,38.34,-2.44366,41,isenção,-3.40635,0.10425,-1.412
40% seguintes,0.462678,51.6,0.0788761,41,isenção,-3.40635,0.10425,-1.412
10% com maior renda,-0.155594,44.65,-0.443586,41,isenção,-3.40635,0.10425,-1.412
todos,-0.678951,44.275,-1.88625,41,isenção,-3.40635,0.10425,-1.412
50% com menor renda,2.23137,57.17,1.91214,42,isenção,1.52069,-0.213563,-1.412
40% seguintes,2.29587,63.8125,2.10273,42,isenção,1.52069,-0.213563,-1.412
10% com maior renda,0.455809,51.15,0.318243,42,isenção,1.52069,-0.213563,-1.412
todos,2.07961,59.225,1.93234,42,isenção,1.52069,-0.213563,-1.412
50% com menor renda,-0.404872,45.05,-1.05877,43,isenção,5.72983,-0.136437,-1.412
40% seguintes,1.21094,56.8125,0.888676,43,isenção,5.72983,-0.136437,-1.412
10% com maior renda,0.0614502,48.05,-0.17209,43,isenção,5.72983,-0.136437,-1.412
todos,0.288086,50.055,-0.631597,43,isenção,5.72983,-0.136437,-1.412
50% com menor renda,-2.51692,34.96,-3.33682,44,isenção,3.58305,-0.122312,-1.412
40% seguintes,0.354062,51.325,-0.0314623,44,isenção,3.58305,-0.122312,-1.412
10% com maior renda,-0.6693,43.4,-1.04982,44,isenção,3.58305,-0.122312,-1.412
todos,-1.18376,42.35,-2.60624,44,isenção,3.58305,-0.122312,-1.412
50% com menor renda,-0.946787,42.27,-1.63898,45,isenção,-5.04172,-0.144438,-1.412
40% seguintes,1.33976,56.6,1.08005,45,isenção,-5.04172,-0.144438,-1.412
10% com maior renda,-0.0893493,48.1,-0.373917,45,isenção,-5.04172,-0.144438,-1.412
todos,0.0535749,48.585,-1.04822,45,isenção,-5.04172,-0.144438,-1.412
50% com menor renda,-0.967963,41.41,-1.63308,46,isenção,-6.95227,0.0474375,-1.412
40% seguintes,0.749834,52.975,0.397209,46,isenção,-6.95227,0.0474375,-1.412
10% com maior renda,-0.294036,44.65,-0.522869,46,isenção,-6.95227,0.0474375,-1.412
todos,-0.213451,46.36,-1.18751,46,isenção,-6.95227,0.0474375,-1.412
50% com menor renda,-2.02859,36.69,-2.84586,47,isenção,1.11201,0.153938,-1.412
40% seguintes,0.62009,52.05,0.2708,47,isenção,1.11201,0.153938,-1.412
10% com maior renda,-0.449156,45.7,-0.773261,47,isenção,1.11201,0.153938,-1.412
todos,-0.811174,43.735,-2.16083,47,isenção,1.11201,0.153938,-1.412
