,crenças fixas no estado estacionário,aprendizado
0,0.999934,0.999934
1,0.999951,0.999952
2,0.999974,0.999975
3,0.999956,0.999958
4,1.00015,1.00016
5,1.0003,1.00031
6,1.00043,1.00044
7,1.00062,1.00065
8,1.00061,1.00064
9,1.00049,1.00052
10,1.00045,1.00049
11,1.00043,1.00048
12,1.00036,1.00041
13,1.00033,1.00038
14,1.00031,1.00037
15,1.00039,1.00045
16,1.00038,1.00044
17,1.00035,1.00041
18,1.00037,1.00044
19,1.00049,1.00057
20,1.00064,1.00072
21,1.00076,1.00085
22,1.00095,1.00104
23,1.00118,1.00128
24,1.00109,1.0012
25,1.00104,1.00116
26,1.00097,1.0011
27,1.00102,1.00115
28,1.00097,1.00111
29,1.0009,1.00104
30,1.00101,1.00115
31,1.00115,1.00129
32,1.00127,1.00142
33,1.0013,1.00146
34,1.00133,1.00148
35,1.00143,1.00159
36,1.00148,1.00164
37,1.00136,1.00153
38,1.00121,1.00137
39,1.00123,1.00139
40,1.00126,1.00142
41,1.00124,1.00139
42,1.00117,1.00132
43,1.00096,1.0011
44,1.00081,1.00094
45,1.00081,1.00093
46,1.00088,1.00099
47,1.00096,1.00106
48,1.001,1.00109
49,1.00113,1.00122
50,1.00128,1.00135
51,1.00135,1.00141
52,1.00156,1.00163
53,1.00173,1.00178
54,1.00185,1.0019
55,1.00193,1.00198
56,1.00206,1.0021
57,1.0022,1.00225
58,1.00227,1.00231
59,1.00243,1.00247
60,1.00261,1.00265
61,1.00273,1.00276
62,1.00265,1.00268
63,1.00255,1.00256
64,1.00254,1.00255
65,1.00241,1.0024
66,1.00228,1.00225
67,1.00212,1.00207
68,1.00204,1.00196
69,1.00197,1.00187
70,1.00212,1.002
71,1.00223,1.00209
72,1.00225,1.00208
73,1.00229,1.00209
74,1.00235,1.00213
75,1.00232,1.00207
76,1.00235,1.00207
77,1.00235,1.00204
78,1.00213,1.00179
79,1.00193,1.00155
80,1.00174,1.00132
81,1.00152,1.00106
82,1.00126,1.00076
83,1.00113,1.00058
84,1.00103,1.00043
85,1.00087,1.00022
86,1.00085,1.00015
87,1.0009,1.00015
88,1.00097,1.00017
89,1.00114,1.00029
90,1.00136,1.00047
91,1.00141,1.00049
92,1.00149,1.00052
93,1.00158,1.00057
94,1.00165,1.0006
95,1.00179,1.00071
96,1.00192,1.00081
97,1.00199,1.00084
98,1.00204,1.00085
99,1.00218,1.00096
100,1.00227,1.00102
101,1.00232,1.00104
102,1.00237,1.00106
103,1.00232,1.00098
104,1.00238,1.00101
105,1.00232,1.00091
106,1.0023,1.00086
107,1.00231,1.00083
108,1.00232,1.00081
109,1.00244,1.0009
110,1.00243,1.00085
111,1.00244,1.00083
112,1.00242,1.00077
113,1.00246,1.00078
114,1.00265,1.00093
115,1.00286,1.00111
116,1.00301,1.00123
117,1.00305,1.00124
118,1.00308,1.00124
119,1.0032,1.00133
120,1.00332,1.00142
121,1.00347,1.00154
122,1.00354,1.00158
123,1.00367,1.00168
124,1.0037,1.00169
125,1.0037,1.00166
126,1.00369,1.00161
127,1.00357,1.00146
128,1.00358,1.00144
129,1.00356,1.00138
130,1.00347,1.00125
131,1.00348,1.00122
132,1.0036,1.0013
133,1.00377,1.00144
134,1.00395,1.00158
135,1.00399,1.00158
136,1.00412,1.00168
137,1.00426,1.00178
138,1.00433,1.00181
139,1.00442,1.00187
140,1.00468,1.0021
141,1.00481,1.00219
142,1.00497,1.00231
143,1.00507,1.00238
144,1.00511,1.00239
145,1.00518,1.00242
146,1.00509,1.00229
147,1.0052,1.00236
148,1.00527,1.00239
149,1.00529,1.00237
150,1.00541,1.00244
151,1.0055,1.00249
152,1.00559,1.00254
153,1.00563,1.00253
154,1.00556,1.00242
155,1.00556,1.00237
156,1.00548,1.00224
157,1.00541,1.00212
158,1.00529,1.00193
159,1.00538,1.00197
160,1.00553,1.00206
161,1.00571,1.00219
162,1.00578,1.0022
163,1.00589,1.00225
164,1.00598,1.00229
165,1.00618,1.00243
166,1.00641,1.00261
167,1.00659,1.00273
168,1.00687,1.00295
169,1.00708,1.00311
170,1.00735,1.00332
171,1.00753,1.00345
172,1.00753,1.0034
173,1.00755,1.00336
174,1.00773,1.00348
175,1.0078,1.0035
176,1.00791,1.00355
177,1.00796,1.00353
178,1.00795,1.00346
179,1.00799,1.00343
180,1.00811,1.00348
181,1.00815,1.00345
182,1.00808,1.00331
183,1.0082,1.00335
184,1.00832,1.0034
185,1.00833,1.00333
186,1.00831,1.00323
187,1.00827,1.0031
188,1.0082,1.00295
189,1.00807,1.00272
190,1.00792,1.00248
191,1.00795,1.00242
192,1.00797,1.00234
193,1.00795,1.00222
194,1.008,1.00218
195,1.00793,1.002
196,1.00797,1.00193
197,1.00803,1.0019
198,1.00809,1.00185
199,1.00804,1.00169
200,1.00808,1.00163
201,1.00797,1.00141
202,1.00794,1.00127
203,1.00794,1.00117
204,1.00788,1.00099
205,1.00782,1.00082
206,1.00774,1.00063
207,1.00779,1.00056
208,1.00785,1.0005
209,1.00785,1.00039
210,1.0079,1.00032
211,1.00799,1.0003
212,1.00806,1.00026
213,1.00815,1.00024
214,1.0082,1.00017
215,1.00838,1.00025
216,1.00858,1.00034
217,1.0087,1.00035
218,1.00882,1.00037
219,1.00896,1.0004
220,1.00911,1.00045
221,1.00923,1.00046
222,1.00938,1.00051
223,1.00945,1.00048
224,1.00958,1.00052
225,1.00977,1.00061
226,1.00995,1.0007
227,1.01009,1.00074
228,1.01017,1.00072
229,1.0103,1.00075
230,1.01026,1.00061
231,1.01039,1.00066
232,1.01048,1.00065
233,1.01068,1.00075
234,1.01091,1.00089
235,1.01102,1.00091
236,1.01114,1.00094
237,1.01124,1.00095
238,1.01116,1.00078
239,1.01121,1.00073
240,1.01126,1.00069
241,1.01137,1.00071
242,1.01149,1.00073
243,1.01177,1.00091
244,1.01189,1.00094
245,1.01198,1.00094
246,1.01204,1.00091
247,1.01208,1.00086
248,1.01226,1.00094
249,1.01241,1.001
250,1.01248,1.00097
251,1.01258,1.00098
252,1.01276,1.00106
253,1.01298,1.00119
254,1.01315,1.00127
255,1.01332,1.00134
256,1.01353,1.00147
257,1.01375,1.00159
258,1.01401,1.00176
259,1.01414,1.00179
260,1.01426,1.00182
261,1.01433,1.0018
262,1.01439,1.00177
263,1.01441,1.00169
264,1.01437,1.00154
265,1.0143,1.00137
266,1.01431,1.00128
267,1.01433,1.00119
268,1.01438,1.00113
269,1.01437,1.00101
270,1.01434,1.00087
271,1.01436,1.00077
272,1.01443,1.00072
273,1.01455,1.00073
274,1.01468,1.00074
275,1.01474,1.00068
276,1.01482,1.00064
277,1.01486,1.00056
278,1.01491,1.0005
279,1.01501,1.00047
280,1.01509,1.00043
281,1.01512,1.00034
282,1.01512,1.00021
283,1.01519,1.00016
284,1.01533,1.00017
285,1.01544,1.00016
286,1.01541,1
287,1.01537,0.999839
288,1.01533,0.999664
289,1.0153,0.999514
290,1.01538,0.999461
291,1.0154,0.999353
292,1.01553,0.999347
293,1.01565,0.999334
294,1.01582,0.999377
295,1.01591,0.999344
296,1.01577,0.99907
297,1.01575,0.998921
298,1.01596,0.998995
299,1.01607,0.998972
300,1.01624,0.999014
301,1.01644,0.999091
302,1.01652,0.999046
303,1.0166,0.998995
304,1.0167,0.998969
305,1.01681,0.99895
306,1.01686,0.998871
307,1.01707,0.998956
308,1.01732,0.999083
309,1.01743,0.999069
310,1.01753,0.999049
311,1.01758,0.998967
312,1.01747,0.998737
313,1.01747,0.998612
314,1.01757,0.998583
315,1.01762,0.998511
316,1.01765,0.998409
317,1.01774,0.998367
318,1.01771,0.998216
319,1.01764,0.998014
320,1.01767,0.997907
321,1.01773,0.997835
322,1.01786,0.997838
323,1.01794,0.997792
324,1.01805,0.99777
325,1.01803,0.997615
326,1.01811,0.997567
327,1.01832,0.997654
328,1.01834,0.99754
329,1.01845,0.997529
330,1.01863,0.997578
331,1.01882,0.99764
332,1.01906,0.997753
333,1.01919,0.997761
334,1.01921,0.997665
335,1.01918,0.997517
336,1.0191,0.997306
337,1.01915,0.997234
338,1.01913,0.997093
339,1.01925,0.997083
340,1.01923,0.996943
341,1.01927,0.996858
342,1.01939,0.99686
343,1.01958,0.996921
344,1.01972,0.99694
345,1.01978,0.996879
346,1.01985,0.99683
347,1.02,0.996869
348,1.02023,0.996979
349,1.0204,0.997033
350,1.02052,0.997034
351,1.02056,0.996961
352,1.02062,0.996911
353,1.02075,0.996922
354,1.02089,0.996952
355,1.02116,0.997106
356,1.02131,0.997151
357,1.02139,0.997124
358,1.02144,0.997066
359,1.02158,0.997093
360,1.02152,0.996925
361,1.02142,0.996717
362,1.02134,0.996519
363,1.02136,0.996427
364,1.02147,0.996424
365,1.02143,0.996274
366,1.02153,0.996262
367,1.02172,0.996337
368,1.02185,0.996346
369,1.02197,0.996355
370,1.02216,0.996438
371,1.02221,0.996375
372,1.02226,0.996317
373,1.02231,0.996252
374,1.02241,0.996239
375,1.0225,0.99622
376,1.02266,0.99627
377,1.02282,0.996317
378,1.02312,0.99651
379,1.02337,0.996652
380,1.02358,0.99675
381,1.02364,0.996711
382,1.02394,0.9969
383,1.02413,0.996981
384,1.02437,0.997117
385,1.02454,0.997187
386,1.02471,0.997256
387,1.02497,0.997414
388,1.02508,0.997414
389,1.02522,0.997459
390,1.02541,0.997544
391,1.02553,0.997556
392,1.02561,0.997538
393,1.02572,0.997539
394,1.02576,0.997472
395,1.02591,0.997512
396,1.02601,0.997508
397,1.02605,0.997436
398,1.02614,0.997418
399,1.0262,0.997373
400,1.02635,0.997402
401,1.02643,0.997376
402,1.02655,0.997382
403,1.02678,0.997494
404,1.0269,0.997498
405,1.0271,0.997585
406,1.02722,0.997586
407,1.02746,0.997713
408,1.02762,0.99776
409,1.02784,0.99786
410,1.028,0.997901
411,1.02813,0.997913
412,1.02835,0.998011
413,1.02856,0.998106
414,1.02864,0.998059
415,1.02885,0.998151
416,1.02902,0.998197
417,1.02922,0.998277
418,1.02932,0.998249
419,1.02951,0.998313
420,1.02976,0.99844
421,1.02981,0.998358
422,1.02989,0.998314
423,1.03004,0.998333
424,1.03028,0.998442
425,1.03041,0.998441
426,1.03059,0.998484
427,1.03073,0.998496
428,1.03085,0.998484
429,1.03093,0.998421
430,1.03095,0.998306
431,1.03105,0.998269
432,1.03124,0.998307
433,1.03148,0.998402
434,1.03164,0.998415
435,1.03174,0.998376
436,1.03193,0.998415
437,1.03207,0.9984
438,1.03208,0.998265
439,1.03211,0.998141
440,1.03236,0.998239
441,1.03232,0.998037
442,1.03241,0.997974
443,1.03248,0.997885
444,1.03259,0.997831
445,1.03265,0.99772
446,1.03275,0.997653
447,1.03301,0.99775
448,1.03319,0.997759
449,1.03339,0.997786
450,1.0336,0.997831
451,1.03389,0.997951
452,1.03422,0.998112
453,1.03445,0.998174
454,1.03451,0.998069
455,1.03479,0.998171
456,1.03503,0.998245
457,1.03539,0.998431
458,1.03576,0.998627
459,1.03613,0.998828
460,1.03628,0.998806
461,1.03651,0.998865
462,1.03674,0.998919
463,1.03695,0.998955
464,1.0372,0.999027
465,1.03734,0.998994
466,1.03748,0.998956
467,1.03748,0.99877
468,1.03762,0.998725
469,1.03785,0.998769
470,1.03802,0.998752
471,1.03824,0.998771
472,1.03855,0.998889
473,1.03881,0.998951
474,1.03883,0.998777
475,1.0389,0.998652
476,1.03893,0.998477
477,1.03917,0.998519
478,1.03938,0.998513
479,1.03951,0.99844
480,1.03975,0.99847
481,1.03984,0.998345
482,1.03991,0.998199
483,1.03998,0.998055
484,1.04013,0.99799
485,1.04024,0.997878
486,1.04044,0.997849
487,1.04055,0.997728
488,1.0408,0.997754
489,1.04109,0.997811
490,1.04148,0.997963
491,1.04177,0.998032
492,1.04201,0.998043
493,1.04221,0.998013
494,1.04233,0.997906
495,1.04256,0.997896
496,1.0428,0.997906
497,1.04303,0.997903
498,1.04329,0.997929
499,1.0435,0.997907
500,1.04375,0.997914
501,1.0441,0.998027
502,1.04442,0.998112
503,1.04494,0.998392
504,1.04531,0.998526
505,1.04563,0.998609
506,1.04598,0.998721
507,1.04631,0.998817
508,1.04654,0.99881
509,1.04676,0.998789
510,1.04721,0.998987
511,1.04762,0.999158
512,1.04785,0.999139
513,1.04811,0.999157
514,1.0484,0.999203
515,1.04862,0.999185
516,1.04892,0.999233
517,1.04914,0.999201
518,1.04954,0.999346
519,1.04968,0.999239
520,1.04997,0.999273
521,1.05031,0.99935
522,1.05072,0.999493
523,1.05109,0.999596
524,1.05142,0.999669
525,1.05181,0.999791
526,1.05221,0.999914
527,1.05258,1.00002
528,1.05303,1.00019
529,1.0535,1.00039
530,1.05389,1.0005
531,1.0543,1.00064
532,1.05468,1.00074
533,1.05513,1.00092
534,1.05557,1.00108
535,1.05584,1.00106
536,1.05622,1.00116
537,1.05643,1.00108
538,1.05664,1.001
539,1.057,1.00106
540,1.0574,1.00116
541,1.0578,1.00127
542,1.05825,1.00141
543,1.05867,1.00152
544,1.05909,1.00163
545,1.05963,1.00185
546,1.05996,1.00188
547,1.06034,1.00193
548,1.06077,1.00204
549,1.06112,1.00208
550,1.06141,1.00204
551,1.06184,1.00213
552,1.0622,1.00216
553,1.06262,1.00225
554,1.06291,1.0022
555,1.06342,1.00237
556,1.06403,1.00262
557,1.06441,1.00266
558,1.06483,1.00272
559,1.06519,1.00273
560,1.06561,1.00279
561,1.066,1.00282
562,1.06636,1.00281
563,1.06667,1.00275
564,1.06707,1.00277
565,1.06736,1.00269
566,1.06768,1.00263
567,1.06793,1.0025
568,1.06818,1.00235
569,1.06833,1.00211
570,1.06852,1.00189
571,1.06868,1.00165
572,1.06896,1.00151
573,1.06929,1.00142
574,1.06984,1.00154
575,1.07043,1.0017
576,1.07103,1.00187
577,1.07163,1.00204
578,1.07217,1.00214
579,1.07289,1.00243
580,1.07345,1.00256
581,1.07404,1.00271
582,1.07463,1.00286
583,1.07513,1.00292
584,1.07565,1.003
585,1.07622,1.00313
586,1.07675,1.00321
587,1.07724,1.00326
588,1.07775,1.00332
589,1.07823,1.00333
590,1.07863,1.00328
591,1.07915,1.00333
592,1.0798,1.00351
593,1.08028,1.00352
594,1.08083,1.00361
595,1.08139,1.00369
596,1.08183,1.00366
597,1.08241,1.00375
598,1.08308,1.00393
599,1.0836,1.00396
