grupo,ganho médio (%),ganha (%),ganho utilitário (%),regra,devolucao,capital_longo_prazo,capital_equilibrio
50% com menor renda,0.534241,99.8,0.569683,previsão perfeita,uniforme,-1.44723,-1.44784
40% seguintes,-0.0608909,28.75,-0.0438333,previsão perfeita,uniforme,-1.44723,-1.44784
10% com maior renda,-0.340743,0,-0.331282,previsão perfeita,uniforme,-1.44723,-1.44784
todos,0.20869,61.4,0.413927,previsão perfeita,uniforme,-1.44723,-1.44784
50% com menor renda,-0.482463,0,-0.474706,previsão perfeita,isenção,-1.41014,-1.41203
40% seguintes,0.51276,99.325,0.534662,previsão perfeita,isenção,-1.41014,-1.41203
10% com maior renda,-0.435409,0,-0.427803,previsão perfeita,isenção,-1.41014,-1.41203
todos,-0.0796686,39.73,-0.241884,previsão perfeita,isenção,-1.41014,-1.41203
50% com menor renda,0.427409,99.98,0.453042,aprendizado,uniforme,-1.39881,-1.44784
40% seguintes,-0.111958,4.7875,-0.102594,aprendizado,uniforme,-1.39881,-1.44784
10% com maior renda,-0.366122,0,-0.363535,aprendizado,uniforme,-1.39881,-1.44784
todos,0.132309,51.905,0.312021,aprendizado,uniforme,-1.39881,-1.44784
50% com menor renda,-0.514112,0,-0.514346,aprendizado,isenção,-1.36481,-1.41203
40% seguintes,0.426028,98.9375,0.440378,aprendizado,isenção,-1.36481,-1.41203
10% com maior renda,-0.452991,0,-0.451791,aprendizado,isenção,-1.36481,-1.41203
todos,-0.131944,39.575,-0.293757,aprendizado,isenção,-1.36481,-1.41203
50% com menor renda,0.529527,99.79,0.56584,heurísticas,uniforme,-1.4385,-1.44784
40% seguintes,-0.0636041,27.8,-0.0468294,heurísticas,uniforme,-1.4385,-1.44784
10% com maior renda,-0.341914,0.05,-0.33263,heurísticas,uniforme,-1.4385,-1.44784
todos,0.20513,61.02,0.410374,heurísticas,uniforme,-1.4385,-1.44784
50% com menor renda,-0.442075,0,-0.433128,heurísticas,isenção,-1.39901,-1.41203
40% seguintes,0.485748,99.325,0.507447,heurísticas,isenção,-1.39901,-1.41203
10% com maior renda,-0.432052,0,-0.424503,heurísticas,isenção,-1.39901,-1.41203
todos,-0.0699435,39.73,-0.216633,heurísticas,isenção,-1.39901,-1.41203
50% com menor renda,0.423297,99.98,0.44837,informação rígida,uniforme,-1.39139,-1.44784
40% seguintes,-0.114072,4.375,-0.104685,informação rígida,uniforme,-1.39139,-1.44784
10% com maior renda,-0.367061,0,-0.364894,informação rígida,uniforme,-1.39139,-1.44784
todos,0.129313,51.74,0.307927,informação rígida,uniforme,-1.39139,-1.44784
50% com menor renda,-0.503341,0,-0.503446,informação rígida,isenção,-1.35559,-1.41203
40% seguintes,0.415686,98.85,0.429366,informação rígida,isenção,-1.35559,-1.41203
10% com maior renda,-0.452541,0,-0.451772,informação rígida,isenção,-1.35559,-1.41203
todos,-0.13065,39.54,-0.287897,informação rígida,isenção,-1.35559,-1.41203
50% com menor renda,0.502283,99.82,0.534876,atenção limitada,uniforme,-1.4443,-1.44784
40% seguintes,-0.0757675,21.45,-0.0610347,atenção limitada,uniforme,-1.4443,-1.44784
10% com maior renda,-0.347926,0,-0.340631,atenção limitada,uniforme,-1.4443,-1.44784
todos,0.186042,58.49,0.383593,atenção limitada,uniforme,-1.4443,-1.44784
50% com menor renda,-0.502044,0,-0.497217,atenção limitada,isenção,-1.40609,-1.41203
40% seguintes,0.491554,99.4,0.511295,atenção limitada,isenção,-1.40609,-1.41203
10% com maior renda,-0.441416,0,-0.435957,atenção limitada,isenção,-1.40609,-1.41203
todos,-0.0985422,39.76,-0.264368,atenção limitada,isenção,-1.40609,-1.41203
