modelo,variavel,h,n,rmse,rmse_relativo,crps,crps_relativo,cobertura_90,dm,p_valor,p_valor_cw,p_teste,p_holm
Equilíbrio geral,pib,1,50,1.9686,0.847312,0.915675,0.947741,0.84,-0.793834,0.43112,,0.43112,1
Equilíbrio geral,consumo,1,50,2.29917,0.878272,0.99402,0.938625,0.88,-0.84072,0.404589,,0.404589,1
Equilíbrio geral,investimento,1,50,4.63813,0.943488,2.47505,0.973869,0.86,-0.666513,0.508209,,0.508209,1
Equilíbrio geral,governo,1,50,1.55146,0.925979,0.853061,0.971231,0.98,-1.90348,0.0628599,,0.0628599,0.628599
Equilíbrio geral,pib,2,49,2.99128,0.870406,1.45324,0.981693,0.836735,-0.760636,0.450595,,0.450595,1
Equilíbrio geral,consumo,2,49,3.18258,0.864275,1.54515,0.954716,0.836735,-0.900964,0.372106,,0.372106,1
Equilíbrio geral,investimento,2,49,6.8763,0.978453,3.76806,1.01137,0.795918,-0.221908,0.825327,,0.825327,1
Equilíbrio geral,governo,2,49,2.19394,1.04683,1.21396,1.08256,0.979592,0.898689,0.373305,,0.373305,1
Equilíbrio geral,pib,3,48,3.54568,0.900271,1.87998,1.00794,0.770833,-0.603546,0.549047,,0.549047,1
Equilíbrio geral,consumo,3,48,3.70945,0.885948,1.94206,0.968023,0.8125,-0.824267,0.413951,,0.413951,1
Equilíbrio geral,investimento,3,48,8.5755,1.00587,4.70815,1.064,0.8125,0.0596386,0.952696,,0.952696,1
Equilíbrio geral,governo,3,48,2.81754,1.08536,1.5625,1.08933,0.979167,1.08333,0.284188,,0.284188,1
Equilíbrio geral,pib,4,47,4.13787,0.951786,2.27491,1.03868,0.765957,-0.332801,0.740797,,0.740797,1
Equilíbrio geral,consumo,4,47,4.25875,0.921921,2.3566,0.978488,0.744681,-0.704247,0.484829,,0.484829,1
Equilíbrio geral,investimento,4,47,10.0746,1.02502,5.73985,1.05717,0.744681,0.213647,0.831767,,0.831767,1
Equilíbrio geral,governo,4,47,3.53525,1.15734,1.93468,1.13203,0.978723,1.39932,0.168425,,0.168425,1
Equilíbrio geral,pib,5,46,4.83788,0.995942,2.70815,1.06628,0.76087,-0.03023,0.976017,,0.976017,1
Equilíbrio geral,consumo,5,46,4.99087,0.934553,2.84253,0.990526,0.695652,-0.679706,0.500172,,0.500172,1
Equilíbrio geral,investimento,5,46,11.5789,1.04152,6.56539,1.05789,0.73913,0.315809,0.753607,,0.753607,1
Equilíbrio geral,governo,5,46,4.2524,1.22997,2.29517,1.17571,0.978261,1.53563,0.131631,,0.131631,1
Equilíbrio geral,pib,6,45,5.58665,1.01881,3.18141,1.08889,0.755556,0.146298,0.884355,,0.884355,1
Equilíbrio geral,consumo,6,45,5.62846,0.952976,3.26589,1.00036,0.711111,-0.520022,0.605655,,0.605655,1
Equilíbrio geral,investimento,6,45,13.0165,1.07227,7.20344,1.08127,0.755556,0.545385,0.588243,,0.588243,1
Equilíbrio geral,governo,6,45,4.9109,1.28455,2.64209,1.2162,0.977778,1.50549,0.139345,,0.139345,1
Equilíbrio geral,pib,7,44,6.26532,1.03624,3.60116,1.10864,0.75,0.286609,0.775788,,0.775788,1
Equilíbrio geral,consumo,7,44,6.25849,0.964286,3.65944,1.00803,0.704545,-0.435562,0.665333,,0.665333,1
Equilíbrio geral,investimento,7,44,14.5851,1.06016,8.03031,1.06573,0.772727,0.484993,0.630143,,0.630143,1
Equilíbrio geral,governo,7,44,5.58093,1.33631,2.9717,1.25402,0.977273,1.44375,0.156057,,0.156057,1
Equilíbrio geral,pib,8,43,6.85094,1.05357,3.98719,1.1299,0.744186,0.398977,0.691932,,0.691932,1
Equilíbrio geral,consumo,8,43,6.83098,0.96809,4.01835,1.01443,0.697674,-0.395658,0.69436,,0.69436,1
Equilíbrio geral,investimento,8,43,15.8767,1.0464,8.72335,1.05004,0.767442,0.380541,0.705462,,0.705462,1
Equilíbrio geral,governo,8,43,6.30783,1.37721,3.35656,1.28504,0.976744,1.37017,0.177914,,0.177914,1
"Equilíbrio geral, tendência trimestral",pib,1,50,1.93574,0.833167,0.886685,0.917735,0.86,-0.884698,0.38064,,0.38064,1
"Equilíbrio geral, tendência trimestral",consumo,1,50,2.29822,0.877912,0.989242,0.934114,0.9,-0.845808,0.401771,,0.401771,1
"Equilíbrio geral, tendência trimestral",investimento,1,50,4.59341,0.934391,2.44376,0.961559,0.86,-0.758966,0.451509,,0.451509,1
"Equilíbrio geral, tendência trimestral",governo,1,50,1.46628,0.875139,0.82493,0.939204,0.98,-2.42768,0.0189155,,0.0189155,0.20807
"Equilíbrio geral, tendência trimestral",pib,2,49,2.89411,0.842133,1.36789,0.924032,0.836735,-0.964525,0.339617,,0.339617,1
"Equilíbrio geral, tendência trimestral",consumo,2,49,3.173,0.861674,1.53281,0.947093,0.836735,-0.928762,0.35766,,0.35766,1
"Equilíbrio geral, tendência trimestral",investimento,2,49,6.75741,0.961536,3.66762,0.984408,0.816327,-0.46286,0.645557,,0.645557,1
"Equilíbrio geral, tendência trimestral",governo,2,49,1.91823,0.915279,1.12503,1.00325,0.979592,-2.33927,0.0235308,,0.0235308,0.235308
"Equilíbrio geral, tendência trimestral",pib,3,48,3.35213,0.851127,1.73736,0.931473,0.8125,-0.957754,0.343088,,0.343088,1
"Equilíbrio geral, tendência trimestral",consumo,3,48,3.68686,0.880552,1.92314,0.958593,0.8125,-0.881852,0.382345,,0.382345,1
"Equilíbrio geral, tendência trimestral",investimento,3,48,8.3701,0.981782,4.56499,1.03165,0.833333,-0.247078,0.805924,,0.805924,1
"Equilíbrio geral, tendência trimestral",governo,3,48,2.28428,0.879944,1.38259,0.963902,0.979167,-2.58397,0.0129353,,0.0129353,0.142289
"Equilíbrio geral, tendência trimestral",pib,4,47,3.83737,0.882666,2.06701,0.943753,0.787234,-0.927602,0.358456,,0.358456,1
"Equilíbrio geral, tendência trimestral",consumo,4,47,4.22033,0.913604,2.33069,0.967731,0.744681,-0.81567,0.418892,,0.418892,1
"Equilíbrio geral, tendência trimestral",investimento,4,47,9.77881,0.994924,5.57217,1.02629,0.765957,-0.0602522,0.952216,,0.952216,1
"Equilíbrio geral, tendência trimestral",governo,4,47,2.72247,0.891258,1.64077,0.960058,0.978723,-2.30752,0.025577,,0.025577,0.281347
"Equilíbrio geral, tendência trimestral",pib,5,46,4.42956,0.911884,2.42359,0.954239,0.76087,-0.845286,0.402423,,0.402423,1
"Equilíbrio geral, tendência trimestral",consumo,5,46,4.93733,0.924527,2.80499,0.977446,0.695652,-0.846212,0.401912,,0.401912,1
"Equilíbrio geral, tendência trimestral",investimento,5,46,11.2022,1.00763,6.3537,1.02378,0.76087,0.0847794,0.932813,,0.932813,1
"Equilíbrio geral, tendência trimestral",governo,5,46,3.14709,0.910266,1.87185,0.958861,0.978261,-2.60524,0.0124008,,0.0124008,0.136409
"Equilíbrio geral, tendência trimestral",pib,6,45,5.06751,0.92414,2.81133,0.962228,0.777778,-0.875904,0.385839,,0.385839,1
"Equilíbrio geral, tendência trimestral",consumo,6,45,5.54533,0.938902,3.21181,0.983794,0.711111,-0.748211,0.458313,,0.458313,1
"Equilíbrio geral, tendência trimestral",investimento,6,45,12.5627,1.03489,6.95248,1.0436,0.777778,0.41721,0.678554,,0.678554,1
"Equilíbrio geral, tendência trimestral",governo,6,45,3.46572,0.906534,2.07011,0.952907,1,-2.23803,0.0303294,,0.0303294,0.303294
"Equilíbrio geral, tendência trimestral",pib,7,44,5.64293,0.933304,3.14051,0.966826,0.795455,-0.907438,0.369233,,0.369233,1
"Equilíbrio geral, tendência trimestral",consumo,7,44,6.15102,0.947729,3.58547,0.987656,0.727273,-0.725037,0.472357,,0.472357,1
"Equilíbrio geral, tendência trimestral",investimento,7,44,14.1192,1.02629,7.79137,1.03402,0.772727,0.346454,0.730691,,0.730691,1
"Equilíbrio geral, tendência trimestral",governo,7,44,3.80861,0.911945,2.25259,0.950561,1,-2.46317,0.0178508,,0.0178508,0.196359
"Equilíbrio geral, tendência trimestral",pib,8,43,6.11922,0.941044,3.4284,0.971546,0.767442,-0.830649,0.410869,,0.410869,1
"Equilíbrio geral, tendência trimestral",consumo,8,43,6.69844,0.949307,3.91925,0.98941,0.697674,-0.727737,0.470812,,0.470812,1
"Equilíbrio geral, tendência trimestral",investimento,8,43,15.3939,1.01458,8.44279,1.01626,0.790698,0.194901,0.846411,,0.846411,1
"Equilíbrio geral, tendência trimestral",governo,8,43,4.22484,0.922422,2.47781,0.948614,1,-2.29739,0.0266474,,0.0266474,0.293121
ABM 1: crenças fixas,pib,1,50,2.33313,1.00421,0.966606,1.00045,0.88,0.558623,0.578963,,0.578963,1
ABM 1: crenças fixas,consumo,1,50,2.54215,0.97109,1.03956,0.981631,0.94,-1.49187,0.142144,,0.142144,1
ABM 1: crenças fixas,investimento,1,50,5.07476,1.03231,2.72718,1.07307,0.66,0.383003,0.703374,,0.703374,1
ABM 1: crenças fixas,governo,1,50,1.67548,1,0.875108,0.996333,0.98,,,,,
ABM 1: crenças fixas,pib,2,49,3.4788,1.01227,1.48671,1.0043,0.918367,1.02132,0.312224,,0.312224,1
ABM 1: crenças fixas,consumo,2,49,3.63418,0.986916,1.58435,0.978941,0.897959,-1.73109,0.0898601,,0.0898601,1
ABM 1: crenças fixas,investimento,2,49,7.64125,1.0873,4.13354,1.10946,0.612245,1.38108,0.173649,,0.173649,1
ABM 1: crenças fixas,governo,2,49,2.09579,1,1.11599,0.995194,0.959184,,,,,
ABM 1: crenças fixas,pib,3,48,4.00133,1.01596,1.88041,1.00817,0.854167,0.896796,0.374399,,0.374399,1
ABM 1: crenças fixas,consumo,3,48,4.11239,0.982182,1.9688,0.981354,0.875,-0.948725,0.347614,,0.347614,1
ABM 1: crenças fixas,investimento,3,48,9.55525,1.1208,5.03285,1.13738,0.583333,1.31988,0.193267,,0.193267,1
ABM 1: crenças fixas,governo,3,48,2.59594,1,1.42802,0.995579,0.958333,,,,,
ABM 1: crenças fixas,pib,4,47,4.42536,1.01791,2.21706,1.01226,0.808511,0.960954,0.3416,,0.3416,1
ABM 1: crenças fixas,consumo,4,47,4.51478,0.977345,2.33936,0.971331,0.851064,-0.979874,0.332274,,0.332274,1
ABM 1: crenças fixas,investimento,4,47,10.7262,1.09132,6.18275,1.13874,0.617021,1.29421,0.202053,,0.202053,1
ABM 1: crenças fixas,governo,4,47,3.05463,1,1.70926,1.00013,0.93617,,,,,
ABM 1: crenças fixas,pib,5,46,4.95794,1.02066,2.56464,1.00978,0.804348,1.18851,0.240867,,0.240867,1
ABM 1: crenças fixas,consumo,5,46,5.18645,0.971177,2.75825,0.961157,0.804348,-0.955364,0.344498,,0.344498,1
ABM 1: crenças fixas,investimento,5,46,12.1344,1.09148,7.02344,1.1317,0.652174,1.47939,0.146003,,0.146003,1
ABM 1: crenças fixas,governo,5,46,3.45733,1,1.95841,1.0032,0.934783,,,,,
ABM 1: crenças fixas,pib,6,45,5.59549,1.02042,2.94936,1.00947,0.8,1.10455,0.275359,,0.275359,1
ABM 1: crenças fixas,consumo,6,45,5.73347,0.970756,3.12176,0.956211,0.777778,-0.903673,0.37109,,0.37109,1
ABM 1: crenças fixas,investimento,6,45,13.4472,1.10775,7.4568,1.1193,0.755556,1.52407,0.134647,,0.134647,1
ABM 1: crenças fixas,governo,6,45,3.82305,1,2.18199,1.00441,0.933333,,,,,
ABM 1: crenças fixas,pib,7,44,6.17547,1.02138,3.2792,1.00952,0.795455,1.2704,0.210773,,0.210773,1
ABM 1: crenças fixas,consumo,7,44,6.31355,0.972771,3.46835,0.955394,0.818182,-0.805204,0.425132,,0.425132,1
ABM 1: crenças fixas,investimento,7,44,14.9352,1.0856,8.31851,1.10398,0.727273,1.23963,0.221834,,0.221834,1
ABM 1: crenças fixas,governo,7,44,4.17636,1,2.37302,1.00138,0.954545,,,,,
ABM 1: crenças fixas,pib,8,43,6.64849,1.02244,3.56343,1.00981,0.790698,1.24923,0.218499,,0.218499,1
ABM 1: crenças fixas,consumo,8,43,6.85636,0.971686,3.77557,0.953139,0.813953,-0.739829,0.463519,,0.463519,1
ABM 1: crenças fixas,investimento,8,43,16.3269,1.07607,9.05291,1.0897,0.674419,1.21148,0.232483,,0.232483,1
ABM 1: crenças fixas,governo,8,43,4.58016,1,2.61241,1.00014,0.930233,,,,,
ABM 1: aprendizado,pib,1,50,2.33598,1.00543,0.97,1.00397,0.88,0.602681,0.5495,,0.5495,1
ABM 1: aprendizado,consumo,1,50,2.51645,0.961273,1.04912,0.990652,0.94,-1.46769,0.148578,,0.148578,1
ABM 1: aprendizado,investimento,1,50,5.19918,1.05762,2.77426,1.0916,0.62,0.50172,0.618112,,0.618112,1
ABM 1: aprendizado,governo,1,50,1.67548,1,0.875115,0.996341,0.98,,,,,
ABM 1: aprendizado,pib,2,49,3.48732,1.01475,1.49388,1.00914,0.918367,0.916501,0.363986,,0.363986,1
ABM 1: aprendizado,consumo,2,49,3.60891,0.980051,1.61273,0.996474,0.897959,-0.732336,0.467524,,0.467524,1
ABM 1: aprendizado,investimento,2,49,7.88106,1.12142,4.1088,1.10283,0.591837,1.06438,0.292481,,0.292481,1
ABM 1: aprendizado,governo,2,49,2.09579,1,1.11599,0.995193,0.959184,,,,,
ABM 1: aprendizado,pib,3,48,4.01923,1.02051,1.89309,1.01497,0.854167,0.912976,0.365915,,0.365915,1
ABM 1: aprendizado,consumo,3,48,4.11845,0.983631,2.01997,1.00686,0.854167,-1.00135,0.321786,,0.321786,1
ABM 1: aprendizado,investimento,3,48,9.90716,1.16207,5.12023,1.15713,0.666667,1.0459,0.300957,,0.300957,1
ABM 1: aprendizado,governo,3,48,2.59594,1,1.42802,0.995581,0.958333,,,,,
ABM 1: aprendizado,pib,4,47,4.45733,1.02527,2.23777,1.02172,0.808511,1.04007,0.303744,,0.303744,1
ABM 1: aprendizado,consumo,4,47,4.57328,0.990008,2.41478,1.00265,0.829787,-0.629012,0.532452,,0.532452,1
ABM 1: aprendizado,investimento,4,47,11.1634,1.13579,6.42284,1.18296,0.553191,1.18354,0.242678,,0.242678,1
ABM 1: aprendizado,governo,4,47,3.05463,1,1.70926,1.00013,0.93617,,,,,
ABM 1: aprendizado,pib,5,46,5.00577,1.0305,2.5938,1.02126,0.826087,1.23227,0.224247,,0.224247,1
ABM 1: aprendizado,consumo,5,46,5.28742,0.990083,2.86563,0.998576,0.782609,-0.805536,0.424747,,0.424747,1
ABM 1: aprendizado,investimento,5,46,12.6961,1.14201,7.32589,1.18043,0.608696,1.42957,0.159748,,0.159748,1
ABM 1: aprendizado,governo,5,46,3.45733,1,1.95841,1.0032,0.934783,,,,,
ABM 1: aprendizado,pib,6,45,5.6596,1.03212,2.98885,1.02299,0.8,1.08741,0.282778,,0.282778,1
ABM 1: aprendizado,consumo,6,45,5.8784,0.995295,3.25976,0.998481,0.777778,-0.318903,0.751309,,0.751309,1
ABM 1: aprendizado,investimento,6,45,14.1715,1.16742,8.06686,1.21087,0.644444,1.53197,0.132688,,0.132688,1
ABM 1: aprendizado,governo,6,45,3.82305,1,2.18202,1.00442,0.933333,,,,,
ABM 1: aprendizado,pib,7,44,6.25536,1.0346,3.33169,1.02568,0.795455,1.09054,0.281549,,0.281549,1
ABM 1: aprendizado,consumo,7,44,6.49604,1.00089,3.63616,1.00162,0.772727,0.0540253,0.957165,,0.957165,1
ABM 1: aprendizado,investimento,7,44,15.841,1.15145,9.23453,1.22555,0.636364,1.62981,0.110447,,0.110447,1
ABM 1: aprendizado,governo,7,44,4.17636,1,2.37302,1.00138,0.954545,,,,,
ABM 1: aprendizado,pib,8,43,6.74714,1.03761,3.62583,1.0275,0.813953,1.03812,0.305153,,0.305153,1
ABM 1: aprendizado,consumo,8,43,7.07412,1.00255,3.98609,1.00628,0.767442,0.178541,0.859157,,0.859157,1
ABM 1: aprendizado,investimento,8,43,17.4705,1.15144,10.1335,1.21977,0.651163,1.8561,0.0704649,,0.0704649,0.845579
ABM 1: aprendizado,governo,8,43,4.58016,1,2.6124,1.00014,0.930233,,,,,
ABM 1: heurísticas,pib,1,50,2.29909,0.989557,0.955205,0.988655,0.88,-0.921726,0.361188,,0.361188,1
ABM 1: heurísticas,consumo,1,50,2.44705,0.934765,1.10281,1.04135,0.68,-0.715002,0.478001,,0.478001,1
ABM 1: heurísticas,investimento,1,50,7.22845,1.47041,2.91586,1.14732,0.94,0.854795,0.396825,,0.396825,1
ABM 1: heurísticas,governo,1,50,1.67548,1,0.881857,1.00402,0.98,,,,,
ABM 1: heurísticas,pib,2,49,3.40035,0.989438,1.44909,0.978884,0.877551,-0.721451,0.474132,,0.474132,1
ABM 1: heurísticas,consumo,2,49,3.48033,0.945135,1.78903,1.10541,0.571429,-0.613188,0.542647,,0.542647,1
ABM 1: heurísticas,investimento,2,49,10.355,1.47345,4.12182,1.10632,0.938776,0.905484,0.369732,,0.369732,1
ABM 1: heurísticas,governo,2,49,2.09579,1,1.12612,1.00423,0.959184,,,,,
ABM 1: heurísticas,pib,3,48,3.88611,0.986708,1.83362,0.983081,0.854167,-0.478141,0.634767,,0.634767,1
ABM 1: heurísticas,consumo,3,48,4.05437,0.968325,2.2436,1.11833,0.604167,-0.359598,0.720759,,0.720759,1
ABM 1: heurísticas,investimento,3,48,12.6352,1.48207,4.9397,1.11633,0.9375,0.836191,0.407279,,0.407279,1
ABM 1: heurísticas,governo,3,48,2.59594,1,1.43483,1.00033,0.958333,,,,,
ABM 1: heurísticas,pib,4,47,4.29663,0.988303,2.14165,0.977833,0.829787,-0.291381,0.77207,,0.77207,1
ABM 1: heurísticas,consumo,4,47,4.57819,0.991072,2.68923,1.1166,0.595745,-0.106222,0.915868,,0.915868,1
ABM 1: heurísticas,investimento,4,47,13.0644,1.3292,5.70688,1.0511,0.93617,0.74995,0.457104,,0.457104,1
ABM 1: heurísticas,governo,4,47,3.05463,1,1.69415,0.99129,0.957447,,,,,
ABM 1: heurísticas,pib,5,46,4.80783,0.989756,2.47955,0.976272,0.826087,-0.197989,0.843945,,0.843945,1
ABM 1: heurísticas,consumo,5,46,5.32327,0.996796,3.20029,1.11519,0.543478,-0.039892,0.968356,,0.968356,1
ABM 1: heurísticas,investimento,5,46,14.0972,1.26804,6.44857,1.03907,0.956522,0.679624,0.500224,,0.500224,1
ABM 1: heurísticas,governo,5,46,3.45733,1,1.95006,0.998929,0.956522,,,,,
ABM 1: heurísticas,pib,6,45,5.44561,0.993093,2.83089,0.968925,0.822222,-0.117042,0.907359,,0.907359,1
ABM 1: heurísticas,consumo,6,45,5.96773,1.01042,3.61072,1.10598,0.6,0.138918,0.890149,,0.890149,1
ABM 1: heurísticas,investimento,6,45,14.9404,1.23076,7.0409,1.05687,0.933333,0.61259,0.543301,,0.543301,1
ABM 1: heurísticas,governo,6,45,3.82305,1,2.1642,0.996221,0.955556,,,,,
ABM 1: heurísticas,pib,7,44,6.02185,0.995976,3.14921,0.969504,0.818182,-0.0608614,0.951752,,0.951752,1
ABM 1: heurísticas,consumo,7,44,6.62013,1.02001,3.98561,1.09788,0.613636,0.288086,0.774665,,0.774665,1
ABM 1: heurísticas,investimento,7,44,16.6882,1.21303,7.90213,1.04872,0.886364,0.589831,0.558391,,0.558391,1
ABM 1: heurísticas,governo,7,44,4.17636,1,2.35272,0.992818,0.954545,,,,,
ABM 1: heurísticas,pib,8,43,6.48306,0.996997,3.40116,0.963828,0.813953,-0.0400441,0.968248,,0.968248,1
ABM 1: heurísticas,consumo,8,43,7.22033,1.02327,4.29492,1.08425,0.627907,0.346362,0.7308,,0.7308,1
ABM 1: heurísticas,investimento,8,43,17.7951,1.17284,8.55855,1.0302,0.883721,0.530966,0.598239,,0.598239,1
ABM 1: heurísticas,governo,8,43,4.58016,1,2.62066,1.0033,0.953488,,,,,
ABM 1: informação rígida,pib,1,50,2.358,1.01491,0.979678,1.01399,0.88,1.15777,0.252571,,0.252571,1
ABM 1: informação rígida,consumo,1,50,2.52562,0.964776,1.04947,0.990982,0.96,-1.49971,0.140106,,0.140106,1
ABM 1: informação rígida,investimento,1,50,5.3015,1.07843,2.85849,1.12474,0.62,0.68457,0.496841,,0.496841,1
ABM 1: informação rígida,governo,1,50,1.67548,1,0.881819,1.00397,0.98,,,,,
ABM 1: informação rígida,pib,2,49,3.50864,1.02095,1.51283,1.02195,0.857143,1.07737,0.286701,,0.286701,1
ABM 1: informação rígida,consumo,2,49,3.60719,0.979584,1.61987,1.00088,0.897959,-0.831212,0.40997,,0.40997,1
ABM 1: informação rígida,investimento,2,49,8.05053,1.14554,4.30494,1.15547,0.591837,1.25948,0.213946,,0.213946,1
ABM 1: informação rígida,governo,2,49,2.09579,1,1.12619,1.00429,0.959184,,,,,
ABM 1: informação rígida,pib,3,48,4.04981,1.02827,1.92948,1.03448,0.854167,1.25927,0.21415,,0.21415,1
ABM 1: informação rígida,consumo,3,48,4.10875,0.981313,2.02656,1.01015,0.875,-1.35913,0.18059,,0.18059,1
ABM 1: informação rígida,investimento,3,48,10.092,1.18375,5.35404,1.20997,0.583333,1.2411,0.220727,,0.220727,1
ABM 1: informação rígida,governo,3,48,2.59594,1,1.43494,1.0004,0.958333,,,,,
ABM 1: informação rígida,pib,4,47,4.49594,1.03415,2.26668,1.03492,0.808511,1.43091,0.159214,,0.159214,1
ABM 1: informação rígida,consumo,4,47,4.56148,0.987455,2.40412,0.998219,0.829787,-0.87602,0.385571,,0.385571,1
ABM 1: informação rígida,investimento,4,47,11.4065,1.16053,6.70797,1.23548,0.531915,1.50826,0.138325,,0.138325,1
ABM 1: informação rígida,governo,4,47,3.05463,1,1.69422,0.991334,0.957447,,,,,
ABM 1: informação rígida,pib,5,46,5.03655,1.03684,2.63215,1.03635,0.804348,1.33559,0.1884,,0.1884,1
ABM 1: informação rígida,consumo,5,46,5.26303,0.985516,2.85639,0.995355,0.804348,-1.98035,0.053798,,0.053798,0.860768
ABM 1: informação rígida,investimento,5,46,12.9306,1.1631,7.5934,1.22354,0.565217,1.75529,0.0860152,,0.0860152,1
ABM 1: informação rígida,governo,5,46,3.45733,1,1.95014,0.998969,0.956522,,,,,
ABM 1: informação rígida,pib,6,45,5.70197,1.03984,3.01397,1.03159,0.8,1.32039,0.193531,,0.193531,1
ABM 1: informação rígida,consumo,6,45,5.85353,0.991084,3.22974,0.989288,0.777778,-0.649432,0.519435,,0.519435,1
ABM 1: informação rígida,investimento,6,45,14.4199,1.18788,8.3714,1.25659,0.6,1.89209,0.0650713,,0.0650713,0.780855
ABM 1: informação rígida,governo,6,45,3.82305,1,2.16409,0.99617,0.955556,,,,,
ABM 1: informação rígida,pib,7,44,6.29695,1.04147,3.35475,1.03278,0.795455,1.23181,0.224715,,0.224715,1
ABM 1: informação rígida,consumo,7,44,6.46818,0.996594,3.6057,0.993227,0.772727,-0.195561,0.845875,,0.845875,1
ABM 1: informação rígida,investimento,7,44,16.083,1.16904,9.52943,1.26469,0.568182,2.00081,0.0517509,,0.0517509,0.672762
ABM 1: informação rígida,governo,7,44,4.17636,1,2.35271,0.992813,0.954545,,,,,
ABM 1: informação rígida,pib,8,43,6.79355,1.04475,3.64705,1.03351,0.813953,1.18087,0.244298,,0.244298,1
ABM 1: informação rígida,consumo,8,43,7.04066,0.997805,3.94545,0.996026,0.767442,-0.143492,0.886588,,0.886588,1
ABM 1: informação rígida,investimento,8,43,17.6943,1.16619,10.4392,1.25657,0.627907,2.31834,0.0253718,,0.0253718,0.355205
ABM 1: informação rígida,governo,8,43,4.58016,1,2.62052,1.00325,0.953488,,,,,
ABM 1: atenção limitada,pib,1,50,2.32077,0.998888,0.961607,0.995281,0.88,-0.152331,0.879551,,0.879551,1
ABM 1: atenção limitada,consumo,1,50,2.39836,0.916165,1.01409,0.957573,0.72,-1.09407,0.279272,,0.279272,1
ABM 1: atenção limitada,investimento,1,50,6.54623,1.33163,2.84468,1.11931,0.94,0.836807,0.406764,,0.406764,1
ABM 1: atenção limitada,governo,1,50,1.67548,1,0.875102,0.996326,0.98,,,,,
ABM 1: atenção limitada,pib,2,49,3.42922,0.997839,1.45592,0.983501,0.897959,-0.129853,0.897225,,0.897225,1
ABM 1: atenção limitada,consumo,2,49,3.37122,0.915503,1.57302,0.97194,0.673469,-1.13836,0.260621,,0.260621,1
ABM 1: atenção limitada,investimento,2,49,9.69628,1.37972,4.17743,1.12125,0.897959,0.982728,0.330669,,0.330669,1
ABM 1: atenção limitada,governo,2,49,2.09579,1,1.11601,0.995207,0.959184,,,,,
ABM 1: atenção limitada,pib,3,48,3.9207,0.995492,1.826,0.978997,0.854167,-0.163724,0.87065,,0.87065,1
ABM 1: atenção limitada,consumo,3,48,3.85235,0.920078,1.9748,0.984344,0.708333,-1.18633,0.241454,,0.241454,1
ABM 1: atenção limitada,investimento,3,48,11.9861,1.40593,5.14726,1.16324,0.895833,0.958573,0.342679,,0.342679,1
ABM 1: atenção limitada,governo,3,48,2.59594,1,1.42813,0.995655,0.958333,,,,,
ABM 1: atenção limitada,pib,4,47,4.32092,0.993891,2.14321,0.978548,0.829787,-0.160936,0.872848,,0.872848,1
ABM 1: atenção limitada,consumo,4,47,4.30822,0.93263,2.4234,1.00622,0.638298,-1.07097,0.28977,,0.28977,1
ABM 1: atenção limitada,investimento,4,47,12.7267,1.29485,6.05693,1.11557,0.87234,0.934878,0.354733,,0.354733,1
ABM 1: atenção limitada,governo,4,47,3.05463,1,1.7093,1.00016,0.93617,,,,,
ABM 1: atenção limitada,pib,5,46,4.8355,0.995452,2.4731,0.973734,0.847826,-0.0987482,0.921777,,0.921777,1
ABM 1: atenção limitada,consumo,5,46,5.00221,0.936677,2.90461,1.01216,0.630435,-0.986252,0.329283,,0.329283,1
ABM 1: atenção limitada,investimento,5,46,14.0044,1.25968,6.86675,1.10645,0.869565,0.968966,0.337741,,0.337741,1
ABM 1: atenção limitada,governo,5,46,3.45733,1,1.95836,1.00318,0.934783,,,,,
ABM 1: atenção limitada,pib,6,45,5.45935,0.995599,2.83909,0.971729,0.822222,-0.0818049,0.935173,,0.935173,1
ABM 1: atenção limitada,consumo,6,45,5.59554,0.947403,3.31533,1.0155,0.644444,-0.800382,0.42779,,0.42779,1
ABM 1: atenção limitada,investimento,6,45,15.0953,1.24352,7.48982,1.12426,0.844444,0.962582,0.341018,,0.341018,1
ABM 1: atenção limitada,governo,6,45,3.82305,1,2.18208,1.00445,0.933333,,,,,
ABM 1: atenção limitada,pib,7,44,6.03011,0.997342,3.15677,0.971833,0.818182,-0.0446868,0.964564,,0.964564,1
ABM 1: atenção limitada,consumo,7,44,6.2136,0.95737,3.68809,1.01592,0.704545,-0.637717,0.52704,,0.52704,1
ABM 1: atenção limitada,investimento,7,44,16.4139,1.19309,8.35421,1.10872,0.863636,0.91963,0.362897,,0.362897,1
ABM 1: atenção limitada,governo,7,44,4.17636,1,2.37311,1.00142,0.954545,,,,,
ABM 1: atenção limitada,pib,8,43,6.4908,0.998188,3.41467,0.967657,0.813953,-0.0271048,0.978505,,0.978505,1
ABM 1: atenção limitada,consumo,8,43,6.78808,0.96201,3.99297,1.00802,0.651163,-0.542086,0.590624,,0.590624,1
ABM 1: atenção limitada,investimento,8,43,17.8505,1.17649,9.0799,1.09295,0.860465,0.9202,0.362724,,0.362724,1
ABM 1: atenção limitada,governo,8,43,4.58016,1,2.61232,1.00011,0.930233,,,,,
VAR(1),pib,1,50,2.66528,1.14717,1.0082,1.04351,0.88,1.05706,0.295667,0.847636,0.847636,1
VAR(1),consumo,1,50,2.89372,1.10539,1.06077,1.00166,0.92,0.621112,0.537405,0.657269,0.657269,1
VAR(1),investimento,1,50,6.15293,1.25163,2.59991,1.023,0.84,0.612831,0.542822,0.531787,0.531787,1
VAR(1),governo,1,50,1.93261,1.15347,0.958034,1.09075,0.98,1.40363,0.166734,0.880226,0.880226,1
VAR(1),pib,2,49,3.94938,1.1492,1.53915,1.03972,0.877551,0.884132,0.381032,0.806613,0.806613,1
VAR(1),consumo,2,49,4.206,1.1422,1.65998,1.02567,0.897959,0.982711,0.330677,0.832847,0.832847,1
VAR(1),investimento,2,49,10.3144,1.46767,4.00018,1.07367,0.877551,0.934388,0.354781,0.793453,0.793453,1
VAR(1),governo,2,49,2.15285,1.02723,1.15976,1.03422,0.959184,2.08956,0.0419813,0.977009,0.977009,1
VAR(1),pib,3,48,4.51605,1.14665,1.91585,1.02717,0.854167,0.881097,0.382749,0.810086,0.810086,1
VAR(1),consumo,3,48,4.71186,1.12536,2.0418,1.01774,0.854167,0.814723,0.41934,0.783511,0.783511,1
VAR(1),investimento,3,48,12.7525,1.49582,5.08498,1.14916,0.916667,0.921104,0.3617,0.802222,0.802222,1
VAR(1),governo,3,48,2.74303,1.05666,1.51616,1.05703,0.9375,3.17936,0.00261202,0.9997,0.9997,1
VAR(1),pib,4,47,4.89708,1.12642,2.24924,1.02696,0.829787,0.83563,0.407683,0.79791,0.79791,1
VAR(1),consumo,4,47,5.04669,1.09249,2.4226,1.00589,0.808511,0.752518,0.455574,0.760274,0.760274,1
VAR(1),investimento,4,47,13.6027,1.38397,6.01862,1.10851,0.851064,0.895626,0.375115,0.783583,0.783583,1
VAR(1),governo,4,47,3.17481,1.03934,1.778,1.04036,0.957447,2.07666,0.0434461,0.983994,0.983994,1
VAR(1),pib,5,46,5.384,1.10837,2.59191,1.02051,0.804348,0.839864,0.405425,0.803858,0.803858,1
VAR(1),consumo,5,46,5.7613,1.07882,2.87453,1.00168,0.782609,0.78245,0.438049,0.778351,0.778351,1
VAR(1),investimento,5,46,14.7226,1.32429,6.79634,1.09511,0.891304,0.9144,0.36538,0.79502,0.79502,1
VAR(1),governo,5,46,3.58805,1.03781,2.03559,1.04274,0.956522,1.81046,0.0769044,0.972638,0.972638,1
VAR(1),pib,6,45,5.96534,1.08787,2.96729,1.01561,0.8,0.745366,0.460014,0.776292,0.776292,1
VAR(1),consumo,6,45,6.29041,1.06505,3.26198,0.999162,0.777778,0.689892,0.493885,0.748063,0.748063,1
VAR(1),investimento,6,45,15.7555,1.2979,7.38198,1.10807,0.844444,0.883106,0.381979,0.785237,0.785237,1
VAR(1),governo,6,45,3.94804,1.03269,2.25201,1.03664,0.955556,1.48045,0.145878,0.944587,0.944587,1
VAR(1),pib,7,44,6.50546,1.07596,3.28857,1.01241,0.818182,0.751118,0.456673,0.783783,0.783783,1
VAR(1),consumo,7,44,6.85523,1.05623,3.61904,0.996902,0.772727,0.704501,0.484919,0.758948,0.758948,1
VAR(1),investimento,7,44,16.9757,1.23393,8.2499,1.09487,0.840909,0.867784,0.39033,0.772126,0.772126,1
VAR(1),governo,7,44,4.31072,1.03217,2.45291,1.0351,0.954545,1.54025,0.130828,0.957092,0.957092,1
VAR(1),pib,8,43,6.95788,1.07002,3.56293,1.00967,0.813953,0.735473,0.466139,0.784779,0.784779,1
VAR(1),consumo,8,43,7.43331,1.05345,3.94929,0.996994,0.813953,0.712591,0.480039,0.771326,0.771326,1
VAR(1),investimento,8,43,18.2764,1.20456,8.8917,1.0703,0.837209,0.85586,0.396932,0.771133,0.771133,1
VAR(1),governo,8,43,4.73119,1.03298,2.70495,1.03557,0.953488,1.48564,0.144843,0.958063,0.958063,1
Média,pib,1,50,2.04093,0.878444,0.917967,0.950113,0.84,-0.758476,0.451799,0.744145,0.744145,1
Média,consumo,1,50,2.30021,0.878671,0.992456,0.937149,0.9,-0.808397,0.42277,0.758986,0.758986,1
Média,investimento,1,50,4.71374,0.95887,2.51036,0.987762,0.84,-0.715061,0.477965,0.52529,0.52529,1
Média,governo,1,50,1.60706,0.959166,0.89333,1.01708,0.98,-0.90713,0.368778,0.229552,0.229552,1
Média,pib,2,49,2.95677,0.860366,1.41515,0.955963,0.857143,-0.898233,0.373545,0.808686,0.808686,1
Média,consumo,2,49,3.17908,0.863325,1.53937,0.951147,0.836735,-0.873071,0.386971,0.794046,0.794046,1
Média,investimento,2,49,6.88489,0.979675,3.76315,1.01005,0.795918,-0.264778,0.792314,0.426169,0.426169,1
Média,governo,2,49,2.10888,1.00625,1.26643,1.12935,0.959184,0.177553,0.859821,0.286825,0.286825,1
Média,pib,3,48,3.44265,0.874111,1.78124,0.954998,0.791667,-0.824604,0.413762,0.785252,0.785252,1
Média,consumo,3,48,3.70548,0.885,1.93384,0.963926,0.8125,-0.817698,0.417656,0.769496,0.769496,1
Média,investimento,3,48,8.51946,0.999302,4.61521,1.043,0.833333,-0.00958272,0.992395,0.344815,0.344815,1
Média,governo,3,48,2.54566,0.980629,1.56438,1.09064,0.979167,-0.773981,0.442818,0.407036,0.407036,1
Média,pib,4,47,3.91552,0.900641,2.10869,0.962785,0.765957,-0.791656,0.432625,0.771357,0.771357,1
Média,consumo,4,47,4.25395,0.920881,2.3428,0.972759,0.744681,-0.726385,0.471283,0.708853,0.708853,1
Média,investimento,4,47,9.90699,1.00796,5.63242,1.03738,0.808511,0.0985491,0.921925,0.339613,0.339613,1
Média,governo,4,47,3.04465,0.996731,1.86045,1.0886,0.978723,-0.206986,0.836935,0.309316,0.309316,1
Média,pib,5,46,4.48752,0.923815,2.46977,0.972423,0.76087,-0.723317,0.473228,0.742615,0.742615,1
Média,consumo,5,46,4.97564,0.931701,2.82164,0.983248,0.695652,-0.741397,0.462305,0.725844,0.725844,1
Média,investimento,5,46,11.3116,1.01747,6.39999,1.03124,0.782609,0.205066,0.838445,0.318484,0.318484,1
Média,governo,5,46,3.44274,0.995778,2.10085,1.07617,0.978261,-0.272005,0.786862,0.325351,0.325351,1
Média,pib,6,45,5.13439,0.936336,2.86202,0.979577,0.755556,-0.686825,0.495797,0.733299,0.733299,1
Média,consumo,6,45,5.58751,0.946043,3.23937,0.992237,0.666667,-0.633622,0.529608,0.675389,0.675389,1
Média,investimento,6,45,12.6512,1.04218,6.98195,1.04802,0.777778,0.523485,0.603264,0.209752,0.209752,1
Média,governo,6,45,3.81397,0.997627,2.3272,1.07125,0.977778,-0.090465,0.928328,0.379548,0.379548,1
Média,pib,7,44,5.70449,0.943486,3.19246,0.98282,0.772727,-0.703382,0.485609,0.746365,0.746365,1
Média,consumo,7,44,6.19118,0.953916,3.62617,0.998868,0.659091,-0.608233,0.546233,0.665605,0.665605,1
Média,investimento,7,44,14.1996,1.03214,7.81409,1.03704,0.772727,0.443777,0.659429,0.236491,0.236491,1
Média,governo,7,44,4.14815,0.993246,2.52085,1.06376,0.977273,-0.273987,0.785406,0.395923,0.395923,1
Média,pib,8,43,6.16951,0.948777,3.48261,0.98691,0.744186,-0.653557,0.51696,0.732185,0.732185,1
Média,consumo,8,43,6.73832,0.954958,3.97878,1.00444,0.674419,-0.598141,0.552958,0.678288,0.678288,1
Média,investimento,8,43,15.4912,1.02099,8.47549,1.0202,0.790698,0.294283,0.769991,0.29162,0.29162,1
Média,governo,8,43,4.53151,0.989378,2.74252,1.04995,0.976744,-1.27477,0.209398,0.569264,0.569264,1
AR(1),pib,1,50,2.32335,1,0.966166,1,0.88,,,,,
AR(1),consumo,1,50,2.61783,1,1.05902,1,0.9,,,,,
AR(1),investimento,1,50,4.91593,1,2.54146,1,0.86,,,,,
AR(1),governo,1,50,1.67548,1,0.878329,1,0.98,,,,,
AR(1),pib,2,49,3.43664,1,1.48034,1,0.877551,,,,,
AR(1),consumo,2,49,3.68236,1,1.61844,1,0.877551,,,,,
AR(1),investimento,2,49,7.02772,1,3.72571,1,0.857143,,,,,
AR(1),governo,2,49,2.09579,1,1.12138,1,0.959184,,,,,
AR(1),pib,3,48,3.93846,1,1.86517,1,0.854167,,,,,
AR(1),consumo,3,48,4.18699,1,2.00621,1,0.854167,,,,,
AR(1),investimento,3,48,8.52541,1,4.42495,1,0.916667,,,,,
AR(1),governo,3,48,2.59594,1,1.43436,1,0.958333,,,,,
AR(1),pib,4,47,4.34748,1,2.1902,1,0.808511,,,,,
AR(1),consumo,4,47,4.61943,1,2.40841,1,0.829787,,,,,
AR(1),investimento,4,47,9.82871,1,5.42945,1,0.893617,,,,,
AR(1),governo,4,47,3.05463,1,1.70903,1,0.957447,,,,,
AR(1),pib,5,46,4.85759,1,2.53981,1,0.782609,,,,,
AR(1),consumo,5,46,5.34038,1,2.86972,1,0.782609,,,,,
AR(1),investimento,5,46,11.1174,1,6.2061,1,0.869565,,,,,
AR(1),governo,5,46,3.45733,1,1.95216,1,0.934783,,,,,
AR(1),pib,6,45,5.48349,1,2.92169,1,0.8,,,,,
AR(1),consumo,6,45,5.90619,1,3.26472,1,0.777778,,,,,
AR(1),investimento,6,45,12.1392,1,6.66202,1,0.844444,,,,,
AR(1),governo,6,45,3.82305,1,2.17241,1,0.955556,,,,,
AR(1),pib,7,44,6.04618,1,3.24827,1,0.795455,,,,,
AR(1),consumo,7,44,6.49028,1,3.63028,1,0.75,,,,,
AR(1),investimento,7,44,13.7575,1,7.53502,1,0.840909,,,,,
AR(1),governo,7,44,4.17636,1,2.36974,1,0.954545,,,,,
AR(1),pib,8,43,6.50259,1,3.52881,1,0.767442,,,,,
AR(1),consumo,8,43,7.05614,1,3.9612,1,0.744186,,,,,
AR(1),investimento,8,43,15.1727,1,8.30767,1,0.837209,,,,,
AR(1),governo,8,43,4.58016,1,2.61203,1,0.953488,,,,,
Equilíbrio geral com busca,pib,1,50,2.11155,0.908836,0.970805,1.0048,0.84,-0.542846,0.589696,,0.589696,1
Equilíbrio geral com busca,consumo,1,50,2.30374,0.880018,0.992675,0.937356,0.88,-0.825732,0.412958,,0.412958,1
Equilíbrio geral com busca,investimento,1,50,5.1206,1.04163,2.67818,1.05379,0.82,0.441655,0.660682,,0.660682,1
Equilíbrio geral com busca,governo,1,50,1.72233,1.02797,0.903135,1.02824,0.98,0.789966,0.433354,,0.433354,1
Equilíbrio geral com busca,pib,2,49,3.13437,0.912045,1.54328,1.04251,0.795918,-0.600553,0.550963,,0.550963,1
Equilíbrio geral com busca,consumo,2,49,3.19474,0.86758,1.54579,0.955111,0.836735,-0.878088,0.38427,,0.38427,1
Equilíbrio geral com busca,investimento,2,49,7.61852,1.08407,4.17982,1.12189,0.795918,1.53081,0.132381,,0.132381,1
Equilíbrio geral com busca,governo,2,49,2.4267,1.1579,1.31161,1.16963,0.959184,2.44787,0.0180777,,0.0180777,0.198854
Equilíbrio geral com busca,pib,3,48,3.70427,0.940538,1.98335,1.06336,0.75,-0.399163,0.691581,,0.691581,1
Equilíbrio geral com busca,consumo,3,48,3.7286,0.89052,1.94505,0.969514,0.8125,-0.793864,0.431264,,0.431264,1
Equilíbrio geral com busca,investimento,3,48,9.29879,1.09071,5.18492,1.17175,0.8125,1.35022,0.183413,,0.183413,1
Equilíbrio geral com busca,governo,3,48,3.14101,1.20997,1.70948,1.19181,0.958333,2.13157,0.0383003,,0.0383003,0.383003
Equilíbrio geral com busca,pib,4,47,4.31942,0.993546,2.39748,1.09464,0.744681,-0.0466107,0.963025,,0.963025,1
Equilíbrio geral com busca,consumo,4,47,4.28979,0.92864,2.36619,0.982473,0.744681,-0.648422,0.519936,,0.519936,1
Equilíbrio geral com busca,investimento,4,47,10.8151,1.10036,6.2261,1.14673,0.723404,0.957124,0.343508,,0.343508,1
Equilíbrio geral com busca,governo,4,47,3.91025,1.2801,2.12511,1.24346,0.957447,2.0689,0.044202,,0.044202,0.44202
Equilíbrio geral com busca,pib,5,46,5.04933,1.03947,2.87484,1.13191,0.73913,0.296468,0.768237,,0.768237,1
Equilíbrio geral com busca,consumo,5,46,5.03285,0.942415,2.86172,0.997214,0.695652,-0.604663,0.54844,,0.54844,1
Equilíbrio geral com busca,investimento,5,46,12.5047,1.12479,7.24291,1.16706,0.717391,0.989947,0.327493,,0.327493,1
Equilíbrio geral com busca,governo,5,46,4.62763,1.3385,2.51547,1.28856,0.956522,1.94946,0.0574887,,0.0574887,0.574887
Equilíbrio geral com busca,pib,6,45,5.84844,1.06655,3.38957,1.16014,0.688889,0.48096,0.632928,,0.632928,1
Equilíbrio geral com busca,consumo,6,45,5.68598,0.962715,3.29805,1.01021,0.711111,-0.413872,0.680978,,0.680978,1
Equilíbrio geral com busca,investimento,6,45,14.1027,1.16175,8.03817,1.20657,0.733333,1.16641,0.249733,,0.249733,1
Equilíbrio geral com busca,governo,6,45,5.32705,1.39341,2.89781,1.33391,0.955556,1.79977,0.0787559,,0.0787559,0.708803
Equilíbrio geral com busca,pib,7,44,6.57341,1.0872,3.84262,1.18297,0.681818,0.612301,0.543563,,0.543563,1
Equilíbrio geral com busca,consumo,7,44,6.33074,0.975419,3.70684,1.02109,0.704545,-0.299727,0.76583,,0.76583,1
Equilíbrio geral com busca,investimento,7,44,15.7682,1.14615,8.90115,1.1813,0.75,1.06354,0.293475,,0.293475,1
Equilíbrio geral com busca,governo,7,44,6.01125,1.43935,3.25336,1.37287,0.954545,1.64598,0.107058,,0.107058,1
Equilíbrio geral com busca,pib,8,43,7.18024,1.10421,4.25788,1.20661,0.697674,0.682213,0.49885,,0.49885,1
Equilíbrio geral com busca,consumo,8,43,6.91625,0.980174,4.08192,1.03048,0.697674,-0.243815,0.808561,,0.808561,1
Equilíbrio geral com busca,investimento,8,43,17.144,1.12993,9.69103,1.16652,0.767442,0.964225,0.340453,,0.340453,1
Equilíbrio geral com busca,governo,8,43,6.74368,1.47237,3.67027,1.40514,0.953488,1.51428,0.137445,,0.137445,1
"Equilíbrio geral com busca, tendência trimestral",pib,1,50,2.08078,0.895593,0.934604,0.967332,0.86,-0.658689,0.513179,,0.513179,1
"Equilíbrio geral com busca, tendência trimestral",consumo,1,50,2.30004,0.878605,0.985492,0.930573,0.88,-0.840063,0.404954,,0.404954,1
"Equilíbrio geral com busca, tendência trimestral",investimento,1,50,5.13488,1.04454,2.67019,1.05065,0.82,0.44986,0.654796,,0.654796,1
"Equilíbrio geral com busca, tendência trimestral",governo,1,50,1.61995,0.966858,0.863017,0.982566,0.98,-1.48616,0.143643,,0.143643,1
"Equilíbrio geral com busca, tendência trimestral",pib,2,49,3.02202,0.879352,1.4351,0.969436,0.836735,-0.892875,0.376379,,0.376379,1
"Equilíbrio geral com busca, tendência trimestral",consumo,2,49,3.17571,0.86241,1.52703,0.943519,0.836735,-0.92514,0.359521,,0.359521,1
"Equilíbrio geral com busca, tendência trimestral",investimento,2,49,7.55147,1.07453,4.0826,1.09579,0.816327,1.54217,0.129599,,0.129599,1
"Equilíbrio geral com busca, tendência trimestral",governo,2,49,2.10208,1.003,1.18272,1.0547,0.959184,0.112729,0.910716,,0.910716,1
"Equilíbrio geral com busca, tendência trimestral",pib,3,48,3.47516,0.882367,1.80199,0.966123,0.8125,-0.878029,0.384394,,0.384394,1
"Equilíbrio geral com busca, tendência trimestral",consumo,3,48,3.68829,0.880894,1.91488,0.954477,0.8125,-0.881964,0.382285,,0.382285,1
"Equilíbrio geral com busca, tendência trimestral",investimento,3,48,9.11509,1.06917,5.01399,1.13312,0.8125,1.74816,0.0869662,,0.0869662,1
"Equilíbrio geral com busca, tendência trimestral",governo,3,48,2.54848,0.981716,1.46284,1.01986,0.979167,-0.778812,0.439994,,0.439994,1
"Equilíbrio geral com busca, tendência trimestral",pib,4,47,3.95852,0.910532,2.13291,0.973846,0.765957,-0.798282,0.428809,,0.428809,1
"Equilíbrio geral com busca, tendência trimestral",consumo,4,47,4.22513,0.914643,2.32339,0.964701,0.744681,-0.811619,0.42119,,0.42119,1
"Equilíbrio geral com busca, tendência trimestral",investimento,4,47,10.4959,1.06788,6.01669,1.10816,0.765957,0.951725,0.34621,,0.34621,1
"Equilíbrio geral com busca, tendência trimestral",governo,4,47,3.03118,0.992323,1.73531,1.01538,0.978723,-0.557754,0.579716,,0.579716,1
"Equilíbrio geral com busca, tendência trimestral",pib,5,46,4.55732,0.938184,2.50804,0.987491,0.76087,-0.673982,0.50377,,0.50377,1
"Equilíbrio geral com busca, tendência trimestral",consumo,5,46,4.94456,0.925881,2.79911,0.975396,0.717391,-0.84072,0.40495,,0.40495,1
"Equilíbrio geral com busca, tendência trimestral",investimento,5,46,12.0753,1.08616,6.96802,1.12277,0.76087,1.04426,0.301941,,0.301941,1
"Equilíbrio geral com busca, tendência trimestral",governo,5,46,3.438,0.994409,1.96197,1.00503,0.978261,-0.317818,0.752093,,0.752093,1
"Equilíbrio geral com busca, tendência trimestral",pib,6,45,5.21961,0.951878,2.91257,0.996879,0.755556,-0.57596,0.567576,,0.567576,1
"Equilíbrio geral com busca, tendência trimestral",consumo,6,45,5.55544,0.940613,3.20865,0.982827,0.711111,-0.733631,0.467065,,0.467065,1
"Equilíbrio geral com busca, tendência trimestral",investimento,6,45,13.5656,1.1175,7.68407,1.15341,0.755556,1.30345,0.199201,,0.199201,1
"Equilíbrio geral com busca, tendência trimestral",governo,6,45,3.79637,0.993021,2.16699,0.997505,0.977778,-0.310158,0.757905,,0.757905,1
"Equilíbrio geral com busca, tendência trimestral",pib,7,44,5.8176,0.962194,3.24859,1.0001,0.772727,-0.496217,0.622269,,0.622269,1
"Equilíbrio geral com busca, tendência trimestral",consumo,7,44,6.16517,0.949908,3.58608,0.987823,0.727273,-0.699505,0.488004,,0.488004,1
"Equilíbrio geral com busca, tendência trimestral",investimento,7,44,15.1972,1.10465,8.55024,1.13473,0.75,1.11568,0.270755,,0.270755,1
"Equilíbrio geral com busca, tendência trimestral",governo,7,44,4.13595,0.990324,2.34547,0.989755,0.977273,-0.689679,0.494101,,0.494101,1
"Equilíbrio geral com busca, tendência trimestral",pib,8,43,6.2885,0.967076,3.53305,1.0012,0.767442,-0.440816,0.661607,,0.661607,1
"Equilíbrio geral com busca, tendência trimestral",consumo,8,43,6.7149,0.951639,3.9228,0.990306,0.697674,-0.694243,0.491352,,0.491352,1
"Equilíbrio geral com busca, tendência trimestral",investimento,8,43,16.5267,1.08924,9.26958,1.11579,0.767442,0.963268,0.340927,,0.340927,1
"Equilíbrio geral com busca, tendência trimestral",governo,8,43,4.53197,0.989478,2.57188,0.984626,0.976744,-0.66469,0.509882,,0.509882,1
ABM 2: crenças fixas,pib,1,50,2.35433,1.01333,1.09792,1.13637,0.86,0.196756,0.844832,,0.844832,1
ABM 2: crenças fixas,consumo,1,50,2.52713,0.965353,1.09898,1.03774,0.92,-0.750144,0.456755,,0.456755,1
ABM 2: crenças fixas,investimento,1,50,5.59829,1.1388,2.90022,1.14116,0.76,1.33467,0.188152,,0.188152,1
ABM 2: crenças fixas,governo,1,50,1.68888,1.008,0.817408,0.93064,0.9,0.78729,0.434904,,0.434904,1
ABM 2: crenças fixas,pib,2,49,3.32926,0.968752,1.59483,1.07734,0.897959,-0.541192,0.590878,,0.590878,1
ABM 2: crenças fixas,consumo,2,49,3.48841,0.947328,1.65837,1.02468,0.897959,-1.18282,0.242707,,0.242707,1
ABM 2: crenças fixas,investimento,2,49,8.34504,1.18745,4.28559,1.15028,0.795918,1.18748,0.240883,,0.240883,1
ABM 2: crenças fixas,governo,2,49,2.11151,1.0075,1.12092,0.999588,0.816327,1.0177,0.313924,,0.313924,1
ABM 2: crenças fixas,pib,3,48,3.74671,0.951314,1.92509,1.03213,0.854167,-0.773237,0.443254,,0.443254,1
ABM 2: crenças fixas,consumo,3,48,3.92267,0.936871,2.03218,1.01294,0.875,-1.27515,0.208524,,0.208524,1
ABM 2: crenças fixas,investimento,3,48,10.0296,1.17644,5.12188,1.1575,0.8125,1.37011,0.177163,,0.177163,1
ABM 2: crenças fixas,governo,3,48,2.63743,1.01598,1.52031,1.05992,0.729167,1.54536,0.128967,,0.128967,1
ABM 2: crenças fixas,pib,4,47,4.10333,0.943842,2.24079,1.0231,0.829787,-1.01714,0.314405,,0.314405,1
ABM 2: crenças fixas,consumo,4,47,4.33453,0.938325,2.41218,1.00157,0.808511,-1.32431,0.191942,,0.191942,1
ABM 2: crenças fixas,investimento,4,47,11.0699,1.12628,6.16644,1.13574,0.808511,1.49844,0.14085,,0.14085,1
ABM 2: crenças fixas,governo,4,47,3.09458,1.01308,1.87168,1.09517,0.680851,1.53613,0.131356,,0.131356,1
ABM 2: crenças fixas,pib,5,46,4.6698,0.96134,2.58681,1.0185,0.826087,-0.732639,0.467578,,0.467578,1
ABM 2: crenças fixas,consumo,5,46,4.99749,0.935793,2.8619,0.997277,0.782609,-1.39841,0.168843,,0.168843,1
ABM 2: crenças fixas,investimento,5,46,12.2993,1.10631,7.01268,1.12996,0.782609,2.04662,0.0465631,,0.0465631,0.605321
ABM 2: crenças fixas,governo,5,46,3.50808,1.01468,2.19057,1.12213,0.630435,1.61282,0.113776,,0.113776,1
ABM 2: crenças fixas,pib,6,45,5.34165,0.974133,3.01023,1.03031,0.777778,-0.588847,0.558975,,0.558975,1
ABM 2: crenças fixas,consumo,6,45,5.56157,0.941652,3.2278,0.988692,0.777778,-1.32093,0.193355,,0.193355,1
ABM 2: crenças fixas,investimento,6,45,13.564,1.11738,7.64198,1.1471,0.8,4.30797,9.102e-05,,9.102e-05,0.0013653
ABM 2: crenças fixas,governo,6,45,3.88219,1.01547,2.45887,1.13186,0.577778,2.31104,0.0255769,,0.0255769,0.281346
ABM 2: crenças fixas,pib,7,44,5.91955,0.979055,3.33868,1.02783,0.818182,-0.524814,0.602408,,0.602408,1
ABM 2: crenças fixas,consumo,7,44,6.14005,0.946038,3.58142,0.986541,0.795455,-1.25399,0.216622,,0.216622,1
ABM 2: crenças fixas,investimento,7,44,14.935,1.08559,8.54632,1.13421,0.818182,2.54272,0.0146807,,0.0146807,0.220211
ABM 2: crenças fixas,governo,7,44,4.22631,1.01196,2.69735,1.13824,0.568182,1.17075,0.248148,,0.248148,1
ABM 2: crenças fixas,pib,8,43,6.36621,0.979027,3.59399,1.01847,0.790698,-0.49956,0.619992,,0.619992,1
ABM 2: crenças fixas,consumo,8,43,6.68239,0.947032,3.88272,0.980188,0.813953,-1.22726,0.226559,,0.226559,1
ABM 2: crenças fixas,investimento,8,43,16.0956,1.06083,9.17868,1.10484,0.837209,2.02269,0.0495028,,0.0495028,0.643536
ABM 2: crenças fixas,governo,8,43,4.62625,1.01006,2.99462,1.14647,0.488372,1.06212,0.294251,,0.294251,1
ABM 2: aprendizado,pib,1,50,2.367,1.01879,1.07553,1.11319,0.9,0.463537,0.645032,,0.645032,1
ABM 2: aprendizado,consumo,1,50,2.54575,0.972467,1.12564,1.06291,0.94,-0.605422,0.547692,,0.547692,1
ABM 2: aprendizado,investimento,1,50,5.35708,1.08974,2.8392,1.11715,0.88,1.02246,0.311586,,0.311586,1
ABM 2: aprendizado,governo,1,50,1.67559,1.00006,0.804648,0.916112,0.92,0.00946798,0.992484,,0.992484,1
ABM 2: aprendizado,pib,2,49,3.37764,0.982831,1.55875,1.05296,0.897959,-0.380679,0.705121,,0.705121,1
ABM 2: aprendizado,consumo,2,49,3.52182,0.956403,1.68778,1.04285,0.897959,-0.962302,0.340721,,0.340721,1
ABM 2: aprendizado,investimento,2,49,8.30015,1.18106,4.33758,1.16423,0.836735,1.76977,0.0831176,,0.0831176,1
ABM 2: aprendizado,governo,2,49,2.09395,0.999122,1.11045,0.990248,0.857143,-0.12871,0.898125,,0.898125,1
ABM 2: aprendizado,pib,3,48,3.80138,0.965196,1.87152,1.0034,0.875,-0.793151,0.431676,,0.431676,1
ABM 2: aprendizado,consumo,3,48,3.98534,0.95184,2.05264,1.02314,0.895833,-1.12425,0.266616,,0.266616,1
ABM 2: aprendizado,investimento,3,48,10.0273,1.17616,5.20369,1.17599,0.8125,1.84192,0.0718012,,0.0718012,1
ABM 2: aprendizado,governo,3,48,2.58823,0.997031,1.48863,1.03783,0.708333,-0.504494,0.616271,,0.616271,1
ABM 2: aprendizado,pib,4,47,4.14852,0.954235,2.19178,1.00072,0.808511,-1.38274,0.173422,,0.173422,1
ABM 2: aprendizado,consumo,4,47,4.4097,0.954597,2.42793,1.00811,0.851064,-1.2861,0.204843,,0.204843,1
ABM 2: aprendizado,investimento,4,47,11.0744,1.12674,6.16024,1.1346,0.829787,1.94465,0.0579461,,0.0579461,0.811246
ABM 2: aprendizado,governo,4,47,3.03451,0.993412,1.83235,1.07216,0.680851,-0.882323,0.38219,,0.38219,1
ABM 2: aprendizado,pib,5,46,4.64132,0.955477,2.5089,0.98783,0.826087,-0.942122,0.35116,,0.35116,1
ABM 2: aprendizado,consumo,5,46,5.08603,0.952373,2.85291,0.994143,0.804348,-1.43321,0.15871,,0.15871,1
ABM 2: aprendizado,investimento,5,46,12.1313,1.0912,6.81908,1.09877,0.826087,2.11469,0.0400281,,0.0400281,0.560394
ABM 2: aprendizado,governo,5,46,3.44125,0.995349,2.14104,1.09675,0.673913,-0.478022,0.634949,,0.634949,1
ABM 2: aprendizado,pib,6,45,5.15543,0.940174,2.86336,0.980035,0.8,-1.12262,0.267688,,0.267688,1
ABM 2: aprendizado,consumo,6,45,5.61747,0.951117,3.20567,0.981914,0.8,-1.50337,0.139888,,0.139888,1
ABM 2: aprendizado,investimento,6,45,13.1514,1.08339,7.36794,1.10596,0.822222,1.95501,0.056953,,0.056953,0.740389
ABM 2: aprendizado,governo,6,45,3.81526,0.997963,2.41456,1.11147,0.6,-0.196902,0.844811,,0.844811,1
ABM 2: aprendizado,pib,7,44,5.58101,0.923063,3.13264,0.964403,0.818182,-1.17335,0.247116,,0.247116,1
ABM 2: aprendizado,consumo,7,44,6.13296,0.944946,3.53262,0.973097,0.818182,-1.64382,0.107506,,0.107506,1
ABM 2: aprendizado,investimento,7,44,14.4724,1.05197,8.10364,1.07546,0.818182,1.06912,0.290981,,0.290981,1
ABM 2: aprendizado,governo,7,44,4.14074,0.991472,2.65454,1.12018,0.545455,-0.605522,0.548015,,0.548015,1
ABM 2: aprendizado,pib,8,43,6.15953,0.947242,3.4545,0.978944,0.813953,-0.850587,0.399822,,0.399822,1
ABM 2: aprendizado,consumo,8,43,6.68395,0.947252,3.83073,0.967065,0.813953,-1.61522,0.113752,,0.113752,1
ABM 2: aprendizado,investimento,8,43,15.9271,1.04972,8.93268,1.07523,0.813953,1.581,0.12138,,0.12138,1
ABM 2: aprendizado,governo,8,43,4.55814,0.995192,2.94977,1.1293,0.534884,-0.542409,0.590403,,0.590403,1
ABM 2: heurísticas,pib,1,50,2.31143,0.994868,1.07952,1.11732,0.86,-0.0608358,0.951737,,0.951737,1
ABM 2: heurísticas,consumo,1,50,2.58213,0.986363,1.28694,1.21522,0.9,-0.122398,0.903085,,0.903085,1
ABM 2: heurísticas,investimento,1,50,7.49984,1.52562,4.36333,1.71686,0.7,3.10137,0.0031918,,0.0031918,0.0510689
ABM 2: heurísticas,governo,1,50,1.76262,1.05201,0.8535,0.971731,0.86,1.85985,0.0689155,,0.0689155,0.628599
ABM 2: heurísticas,pib,2,49,3.35416,0.975999,1.64394,1.11051,0.857143,-0.471547,0.639387,,0.639387,1
ABM 2: heurísticas,consumo,2,49,3.98394,1.0819,2.07527,1.28227,0.816327,0.72848,0.469859,,0.469859,1
ABM 2: heurísticas,investimento,2,49,10.6773,1.51931,6.15256,1.65138,0.693878,2.92555,0.00523801,,0.00523801,0.0785701
ABM 2: heurísticas,governo,2,49,2.10791,1.00579,1.12646,1.00453,0.857143,0.336461,0.73799,,0.73799,1
ABM 2: heurísticas,pib,3,48,3.95185,1.0034,2.08853,1.11975,0.854167,0.047848,0.96204,,0.96204,1
ABM 2: heurísticas,consumo,3,48,4.51866,1.07921,2.58381,1.28791,0.75,0.660754,0.511996,,0.511996,1
ABM 2: heurísticas,investimento,3,48,12.7563,1.49626,7.62613,1.72344,0.729167,3.33643,0.00166479,,0.00166479,0.0249718
ABM 2: heurísticas,governo,3,48,2.60935,1.00517,1.51806,1.05835,0.75,0.329767,0.743042,,0.743042,1
ABM 2: heurísticas,pib,4,47,4.46712,1.02752,2.48383,1.13407,0.808511,0.450684,0.654335,,0.654335,1
ABM 2: heurísticas,consumo,4,47,5.03559,1.09009,2.93029,1.21669,0.787234,0.70837,0.48229,,0.48229,1
ABM 2: heurísticas,investimento,4,47,15.468,1.57376,9.24263,1.70231,0.723404,2.97215,0.00469211,,0.00469211,0.0703816
ABM 2: heurísticas,governo,4,47,3.06745,1.0042,1.85463,1.08519,0.702128,0.238182,0.812798,,0.812798,1
ABM 2: heurísticas,pib,5,46,5.08694,1.04721,2.8532,1.12339,0.826087,0.965759,0.339327,,0.339327,1
ABM 2: heurísticas,consumo,5,46,5.40713,1.0125,3.21593,1.12064,0.804348,0.112127,0.911222,,0.911222,1
ABM 2: heurísticas,investimento,5,46,16.588,1.49208,9.79767,1.57872,0.695652,5.12205,6.12055e-06,,6.12055e-06,9.79288e-05
ABM 2: heurísticas,governo,5,46,3.47478,1.00505,2.16984,1.11151,0.630435,0.300548,0.765144,,0.765144,1
ABM 2: heurísticas,pib,6,45,5.80217,1.05812,3.27096,1.11955,0.8,1.41472,0.16419,,0.16419,1
ABM 2: heurísticas,consumo,6,45,6.14656,1.0407,3.59953,1.10255,0.8,0.36088,0.719916,,0.719916,1
ABM 2: heurísticas,investimento,6,45,19.3914,1.59743,11.577,1.73776,0.711111,8.26832,1.66656e-10,,1.66656e-10,2.66649e-09
ABM 2: heurísticas,governo,6,45,3.84554,1.00588,2.42501,1.11628,0.577778,0.401778,0.689793,,0.689793,1
ABM 2: heurísticas,pib,7,44,6.35843,1.05164,3.56896,1.09873,0.818182,1.38606,0.172875,,0.172875,1
ABM 2: heurísticas,consumo,7,44,6.84931,1.05532,3.98349,1.0973,0.772727,0.561827,0.577151,,0.577151,1
ABM 2: heurísticas,investimento,7,44,21.5473,1.56622,12.7339,1.68996,0.704545,5.15563,6.07112e-06,,6.07112e-06,9.7138e-05
ABM 2: heurísticas,governo,7,44,4.21141,1.00839,2.66385,1.12411,0.545455,0.676368,0.502429,,0.502429,1
ABM 2: heurísticas,pib,8,43,6.78497,1.04343,3.84959,1.09091,0.813953,1.11463,0.271345,,0.271345,1
ABM 2: heurísticas,consumo,8,43,7.69594,1.09067,4.47674,1.13015,0.767442,1.05108,0.299232,,0.299232,1
ABM 2: heurísticas,investimento,8,43,24.336,1.60394,14.6751,1.76645,0.674419,20.5386,1.59203e-23,,1.59203e-23,2.54725e-22
ABM 2: heurísticas,governo,8,43,4.61384,1.00735,2.95452,1.13112,0.534884,0.631309,0.531259,,0.531259,1
ABM 2: informação rígida,pib,1,50,2.17828,0.937558,1.00855,1.04387,0.88,-0.47404,0.637577,,0.637577,1
ABM 2: informação rígida,consumo,1,50,2.39026,0.913068,1.07389,1.01405,0.9,-0.667259,0.507737,,0.507737,1
ABM 2: informação rígida,investimento,1,50,5.37725,1.09384,2.7407,1.07839,0.88,0.706237,0.483386,,0.483386,1
ABM 2: informação rígida,governo,1,50,1.661,0.99136,0.795235,0.905395,0.9,-1.11195,0.271584,,0.271584,1
ABM 2: informação rígida,pib,2,49,3.03433,0.882935,1.49173,1.00769,0.897959,-0.954453,0.344637,,0.344637,1
ABM 2: informação rígida,consumo,2,49,3.1968,0.868138,1.59289,0.984213,0.897959,-1.06105,0.293979,,0.293979,1
ABM 2: informação rígida,investimento,2,49,7.34352,1.04494,3.90686,1.04862,0.816327,0.81874,0.416981,,0.416981,1
ABM 2: informação rígida,governo,2,49,2.08739,0.995995,1.09935,0.980351,0.836735,-0.810684,0.421548,,0.421548,1
ABM 2: informação rígida,pib,3,48,3.51924,0.893557,1.86638,1.00064,0.875,-0.827252,0.412275,,0.412275,1
ABM 2: informação rígida,consumo,3,48,3.60821,0.861767,1.94293,0.968458,0.895833,-1.16803,0.248687,,0.248687,1
ABM 2: informação rígida,investimento,3,48,8.91122,1.04525,4.84547,1.09503,0.833333,1.4838,0.144539,,0.144539,1
ABM 2: informação rígida,governo,3,48,2.59285,0.998808,1.48278,1.03375,0.75,-0.161687,0.872245,,0.872245,1
ABM 2: informação rígida,pib,4,47,3.94013,0.906302,2.21375,1.01076,0.829787,-0.95523,0.344455,,0.344455,1
ABM 2: informação rígida,consumo,4,47,4.12905,0.893843,2.30307,0.956264,0.87234,-1.13271,0.263207,,0.263207,1
ABM 2: informação rígida,investimento,4,47,9.95603,1.01295,5.7293,1.05523,0.829787,0.661968,0.511295,,0.511295,1
ABM 2: informação rígida,governo,4,47,3.03001,0.991938,1.83848,1.07574,0.638298,-0.967801,0.338205,,0.338205,1
ABM 2: informação rígida,pib,5,46,4.44292,0.914634,2.53107,0.996556,0.826087,-0.989805,0.327562,,0.327562,1
ABM 2: informação rígida,consumo,5,46,4.77776,0.894648,2.73569,0.953297,0.826087,-1.41948,0.162648,,0.162648,1
ABM 2: informação rígida,investimento,5,46,11.3479,1.02074,6.57954,1.06017,0.847826,0.381904,0.70433,,0.70433,1
ABM 2: informação rígida,governo,5,46,3.4367,0.994031,2.13944,1.09594,0.630435,-1.08429,0.284013,,0.284013,1
ABM 2: informação rígida,pib,6,45,4.99926,0.911694,2.89833,0.992006,0.8,-1.20492,0.234674,,0.234674,1
ABM 2: informação rígida,consumo,6,45,5.34571,0.905104,3.09541,0.948141,0.8,-1.33544,0.188601,,0.188601,1
ABM 2: informação rígida,investimento,6,45,12.6078,1.0386,7.22648,1.08473,0.822222,0.794578,0.431124,,0.431124,1
ABM 2: informação rígida,governo,6,45,3.8265,1.0009,2.4218,1.1148,0.533333,0.130994,0.896377,,0.896377,1
ABM 2: informação rígida,pib,7,44,5.54504,0.917115,3.18138,0.979407,0.818182,-1.15881,0.252928,,0.252928,1
ABM 2: informação rígida,consumo,7,44,5.91216,0.910925,3.42143,0.942469,0.840909,-1.50522,0.139579,,0.139579,1
ABM 2: informação rígida,investimento,7,44,14.0394,1.02049,8.02936,1.06561,0.818182,0.494971,0.62314,,0.62314,1
ABM 2: informação rígida,governo,7,44,4.16002,0.996087,2.64905,1.11786,0.545455,-0.556919,0.58047,,0.58047,1
ABM 2: informação rígida,pib,8,43,5.8635,0.901717,3.38926,0.960455,0.813953,-1.67437,0.101489,,0.101489,1
ABM 2: informação rígida,consumo,8,43,6.39709,0.906599,3.69677,0.933245,0.813953,-1.73859,0.0894336,,0.0894336,1
ABM 2: informação rígida,investimento,8,43,15.0693,0.993185,8.52804,1.02653,0.837209,-0.136301,0.892235,,0.892235,1
ABM 2: informação rígida,governo,8,43,4.55805,0.995174,2.93849,1.12498,0.511628,-0.664338,0.510105,,0.510105,1
ABM 2: atenção limitada,pib,1,50,2.3194,0.998297,1.06016,1.09728,0.86,-0.0183167,0.985461,,0.985461,1
ABM 2: atenção limitada,consumo,1,50,2.804,1.07112,1.36242,1.2865,0.86,0.806089,0.424086,,0.424086,1
ABM 2: atenção limitada,investimento,1,50,8.49536,1.72813,4.72429,1.85889,0.72,3.09169,0.00327994,,0.00327994,0.0510689
ABM 2: atenção limitada,governo,1,50,1.71281,1.02228,0.822202,0.936097,0.9,1.15175,0.255012,,0.255012,1
ABM 2: atenção limitada,pib,2,49,3.26335,0.949575,1.59593,1.07808,0.877551,-0.678423,0.500761,,0.500761,1
ABM 2: atenção limitada,consumo,2,49,3.90724,1.06107,2.06796,1.27775,0.836735,0.667173,0.507856,,0.507856,1
ABM 2: atenção limitada,investimento,2,49,11.4323,1.62674,6.29882,1.69064,0.755102,3.67575,0.000597406,,0.000597406,0.00955849
ABM 2: atenção limitada,governo,2,49,2.13576,1.01907,1.13195,1.00942,0.77551,1.18391,0.24228,,0.24228,1
ABM 2: atenção limitada,pib,3,48,3.66187,0.929773,1.93443,1.03713,0.854167,-0.718558,0.475971,,0.475971,1
ABM 2: atenção limitada,consumo,3,48,4.79296,1.14473,2.62165,1.30677,0.833333,1.32085,0.192945,,0.192945,1
ABM 2: atenção limitada,investimento,3,48,14.5139,1.70243,8.28793,1.873,0.708333,5.79527,5.48644e-07,,5.48644e-07,8.7783e-06
ABM 2: atenção limitada,governo,3,48,2.76007,1.06323,1.57943,1.10114,0.791667,1.17225,0.247004,,0.247004,1
ABM 2: atenção limitada,pib,4,47,4.0896,0.940683,2.26664,1.0349,0.851064,-0.714094,0.478777,,0.478777,1
ABM 2: atenção limitada,consumo,4,47,5.47965,1.18622,3.1489,1.30746,0.829787,1.88065,0.0663594,,0.0663594,1
ABM 2: atenção limitada,investimento,4,47,16.3888,1.66744,9.75561,1.7968,0.702128,3.58767,0.000805421,,0.000805421,0.0128867
ABM 2: atenção limitada,governo,4,47,3.21227,1.05161,1.93869,1.13438,0.680851,1.09826,0.277806,,0.277806,1
ABM 2: atenção limitada,pib,5,46,4.65539,0.958373,2.61408,1.02924,0.847826,-0.562381,0.576647,,0.576647,1
ABM 2: atenção limitada,consumo,5,46,6.25586,1.17143,3.65483,1.27359,0.76087,1.29371,0.202365,,0.202365,1
ABM 2: atenção limitada,investimento,5,46,17.564,1.57988,10.3738,1.67154,0.717391,2.29745,0.0262977,,0.0262977,0.394465
ABM 2: atenção limitada,governo,5,46,3.51457,1.01656,2.19335,1.12355,0.652174,0.921936,0.361478,,0.361478,1
ABM 2: atenção limitada,pib,6,45,5.34013,0.973856,3.04846,1.04339,0.8,-0.459219,0.648337,,0.648337,1
ABM 2: atenção limitada,consumo,6,45,7.16194,1.21262,4.2182,1.29206,0.733333,1.49023,0.143297,,0.143297,1
ABM 2: atenção limitada,investimento,6,45,19.6347,1.61747,11.4555,1.71952,0.733333,2.10149,0.0413584,,0.0413584,0.579018
ABM 2: atenção limitada,governo,6,45,3.90653,1.02184,2.48416,1.1435,0.555556,1.29916,0.200655,,0.200655,1
ABM 2: atenção limitada,pib,7,44,5.86383,0.96984,3.34537,1.02989,0.818182,-0.712804,0.479818,,0.479818,1
ABM 2: atenção limitada,consumo,7,44,8.04596,1.23969,4.73061,1.3031,0.704545,1.85989,0.0697511,,0.0697511,1
ABM 2: atenção limitada,investimento,7,44,22.2492,1.61725,13.2804,1.76249,0.636364,2.48061,0.0171071,,0.0171071,0.239499
ABM 2: atenção limitada,governo,7,44,4.20131,1.00597,2.69156,1.1358,0.613636,0.50033,0.619394,,0.619394,1
ABM 2: atenção limitada,pib,8,43,6.31244,0.970758,3.63847,1.03108,0.813953,-0.678613,0.501105,,0.501105,1
ABM 2: atenção limitada,consumo,8,43,8.70699,1.23396,5.20388,1.31371,0.72093,2.03751,0.047931,,0.047931,0.766897
ABM 2: atenção limitada,investimento,8,43,24.3204,1.60291,14.6857,1.76773,0.651163,2.81163,0.00745997,,0.00745997,0.1119
ABM 2: atenção limitada,governo,8,43,4.60096,1.00454,2.98444,1.14257,0.534884,0.351733,0.726797,,0.726797,1
Média,desemprego,1,46,0.645849,1.24539,0.375843,1.34167,0.76087,1.67269,0.101327,0.000117801,0.000117801,0.00094241
Média,desemprego,2,45,1.21112,1.10959,0.741115,1.21577,0.644444,0.708896,0.482128,0.0110692,0.0110692,0.0885534
Média,desemprego,3,44,1.71279,1.07547,1.08043,1.17687,0.613636,0.443503,0.659626,0.0348161,0.0348161,0.278529
Média,desemprego,4,43,2.19297,1.03444,1.41201,1.14273,0.55814,0.211365,0.833625,0.0612298,0.0612298,0.489839
Média,desemprego,5,42,2.65118,0.98335,1.72334,1.09051,0.52381,-0.125757,0.900539,0.0833456,0.0833456,0.666765
Média,desemprego,6,41,3.06131,0.939499,1.97796,1.04306,0.439024,-0.590398,0.558245,0.100708,0.100708,0.80566
Média,desemprego,7,40,3.42329,0.899966,2.20202,1.00441,0.5,-1.06777,0.29219,0.0873215,0.0873215,0.698572
Média,desemprego,8,39,3.754,0.860074,2.43322,0.965283,0.512821,-1.32298,0.193748,0.0709042,0.0709042,0.567233
AR(1),desemprego,1,46,0.518592,1,0.28013,1,0.826087,,,,,
AR(1),desemprego,2,45,1.09151,1,0.609585,1,0.777778,,,,,
AR(1),desemprego,3,44,1.5926,1,0.918055,1,0.772727,,,,,
AR(1),desemprego,4,43,2.11995,1,1.23565,1,0.697674,,,,,
AR(1),desemprego,5,42,2.69607,1,1.58031,1,0.690476,,,,,
AR(1),desemprego,6,41,3.25844,1,1.8963,1,0.682927,,,,,
AR(1),desemprego,7,40,3.8038,1,2.19236,1,0.725,,,,,
AR(1),desemprego,8,39,4.36474,1,2.52074,1,0.717949,,,,,
Equilíbrio geral com busca,desemprego,1,46,0.555858,1.07186,0.317889,1.13479,0.76087,0.816579,0.418471,,0.418471,0.836942
Equilíbrio geral com busca,desemprego,2,45,1.11108,1.01793,0.651132,1.06816,0.688889,0.178146,0.859426,,0.859426,1
Equilíbrio geral com busca,desemprego,3,44,1.57972,0.991916,0.954014,1.03917,0.681818,-0.0539218,0.957247,,0.957247,1
Equilíbrio geral com busca,desemprego,4,43,2.03696,0.960854,1.25074,1.01222,0.651163,-0.208096,0.836159,,0.836159,1
Equilíbrio geral com busca,desemprego,5,42,2.46514,0.914346,1.52754,0.966608,0.666667,-0.42958,0.66975,,0.66975,1
Equilíbrio geral com busca,desemprego,6,41,2.82627,0.86737,1.7634,0.929916,0.682927,-0.680665,0.500005,,0.500005,1
Equilíbrio geral com busca,desemprego,7,40,3.07576,0.808603,1.91799,0.874854,0.675,-1.04682,0.301628,,0.301628,1
Equilíbrio geral com busca,desemprego,8,39,3.26855,0.748852,2.04835,0.812599,0.692308,-1.61463,0.114666,,0.114666,0.687994
"Equilíbrio geral com busca, tendência trimestral",desemprego,1,46,0.541528,1.04423,0.307291,1.09696,0.782609,0.540275,0.591672,,0.591672,0.836942
"Equilíbrio geral com busca, tendência trimestral",desemprego,2,45,1.07317,0.983201,0.623475,1.02279,0.688889,-0.19768,0.844206,,0.844206,1
"Equilíbrio geral com busca, tendência trimestral",desemprego,3,44,1.5146,0.951026,0.90842,0.989505,0.704545,-0.379413,0.706248,,0.706248,1
"Equilíbrio geral com busca, tendência trimestral",desemprego,4,43,1.94473,0.917349,1.19004,0.963092,0.651163,-0.487569,0.628391,,0.628391,1
"Equilíbrio geral com busca, tendência trimestral",desemprego,5,42,2.35508,0.873525,1.45174,0.918644,0.642857,-0.673292,0.504539,,0.504539,1
"Equilíbrio geral com busca, tendência trimestral",desemprego,6,41,2.70256,0.829402,1.66621,0.878663,0.682927,-0.908672,0.368966,,0.368966,1
"Equilíbrio geral com busca, tendência trimestral",desemprego,7,40,2.93767,0.772299,1.802,0.821946,0.725,-1.26236,0.214315,,0.214315,1
"Equilíbrio geral com busca, tendência trimestral",desemprego,8,39,3.12154,0.715171,1.92117,0.762147,0.74359,-1.78066,0.0829649,,0.0829649,0.580754
ABM 2: crenças fixas,desemprego,1,46,0.652346,1.25792,0.373063,1.33175,0.869565,1.58887,0.119091,,0.119091,0.714546
ABM 2: crenças fixas,desemprego,2,45,1.27866,1.17146,0.727516,1.19346,0.8,1.373,0.176709,,0.176709,1
ABM 2: crenças fixas,desemprego,3,44,1.78613,1.12152,1.05859,1.15308,0.772727,0.733255,0.467382,,0.467382,1
ABM 2: crenças fixas,desemprego,4,43,2.19563,1.0357,1.33302,1.0788,0.767442,0.152309,0.879672,,0.879672,1
ABM 2: crenças fixas,desemprego,5,42,2.60373,0.965752,1.61985,1.02502,0.690476,-0.132177,0.895491,,0.895491,1
ABM 2: crenças fixas,desemprego,6,41,2.9253,0.897761,1.84062,0.970635,0.682927,-0.385821,0.701674,,0.701674,1
ABM 2: crenças fixas,desemprego,7,40,3.15357,0.829058,2.03101,0.926406,0.625,-0.662455,0.511576,,0.511576,1
ABM 2: crenças fixas,desemprego,8,39,3.35128,0.767807,2.17465,0.862705,0.589744,-0.986302,0.330224,,0.330224,1
ABM 2: aprendizado,desemprego,1,46,0.618592,1.19283,0.388909,1.38832,0.76087,1.35596,0.181879,,0.181879,0.727514
ABM 2: aprendizado,desemprego,2,45,1.20589,1.10479,0.7326,1.2018,0.8,0.8006,0.427665,,0.427665,1
ABM 2: aprendizado,desemprego,3,44,1.67462,1.0515,1.03624,1.12874,0.772727,0.292099,0.771616,,0.771616,1
ABM 2: aprendizado,desemprego,4,43,2.09563,0.988528,1.3084,1.05888,0.72093,-0.0491655,0.96102,,0.96102,1
ABM 2: aprendizado,desemprego,5,42,2.46462,0.914153,1.52693,0.966226,0.738095,-0.348763,0.729052,,0.729052,1
ABM 2: aprendizado,desemprego,6,41,2.83223,0.869198,1.78071,0.939044,0.707317,-0.531024,0.598338,,0.598338,1
ABM 2: aprendizado,desemprego,7,40,3.0296,0.796467,1.93736,0.883686,0.65,-0.88951,0.379183,,0.379183,1
ABM 2: aprendizado,desemprego,8,39,3.252,0.745061,2.08785,0.828272,0.641026,-1.271,0.211455,,0.211455,1
ABM 2: heurísticas,desemprego,1,46,0.62083,1.19715,0.378548,1.35133,0.847826,1.70646,0.0948148,,0.0948148,0.663704
ABM 2: heurísticas,desemprego,2,45,1.22314,1.12059,0.701221,1.15032,0.822222,0.957669,0.343462,,0.343462,1
ABM 2: heurísticas,desemprego,3,44,1.73857,1.09166,1.02262,1.11389,0.795455,0.588211,0.559468,,0.559468,1
ABM 2: heurísticas,desemprego,4,43,2.21553,1.04509,1.33465,1.08013,0.767442,0.247503,0.805725,,0.805725,1
ABM 2: heurísticas,desemprego,5,42,2.72362,1.01022,1.66369,1.05276,0.761905,0.063398,0.949758,,0.949758,1
ABM 2: heurísticas,desemprego,6,41,3.16427,0.971098,1.92763,1.01652,0.756098,-0.190095,0.850197,,0.850197,1
ABM 2: heurísticas,desemprego,7,40,3.56377,0.936898,2.16946,0.989553,0.75,-0.403643,0.68868,,0.68868,1
ABM 2: heurísticas,desemprego,8,39,3.9305,0.900511,2.36394,0.937798,0.74359,-0.661656,0.512184,,0.512184,1
ABM 2: informação rígida,desemprego,1,46,0.593983,1.14538,0.364737,1.30203,0.782609,1.16274,0.251066,,0.251066,0.753197
ABM 2: informação rígida,desemprego,2,45,1.18147,1.08242,0.700146,1.14856,0.755556,0.611334,0.544124,,0.544124,1
ABM 2: informação rígida,desemprego,3,44,1.68821,1.06004,1.01295,1.10336,0.727273,0.354799,0.724474,,0.724474,1
ABM 2: informação rígida,desemprego,4,43,2.15369,1.01591,1.31567,1.06476,0.674419,0.0749262,0.940629,,0.940629,1
ABM 2: informação rígida,desemprego,5,42,2.60035,0.964495,1.62297,1.02699,0.666667,-0.157623,0.875527,,0.875527,1
ABM 2: informação rígida,desemprego,6,41,2.99863,0.920264,1.92492,1.01509,0.682927,-0.34656,0.730738,,0.730738,1
ABM 2: informação rígida,desemprego,7,40,3.32643,0.874501,2.16409,0.987107,0.6,-0.550778,0.584928,,0.584928,1
ABM 2: informação rígida,desemprego,8,39,3.59773,0.82427,2.36312,0.937473,0.564103,-0.81062,0.422632,,0.422632,1
ABM 2: atenção limitada,desemprego,1,46,0.614161,1.18429,0.362154,1.2928,0.891304,1.57032,0.123346,,0.123346,0.714546
ABM 2: atenção limitada,desemprego,2,45,1.21262,1.11095,0.693189,1.13715,0.844444,0.898016,0.374065,,0.374065,1
ABM 2: atenção limitada,desemprego,3,44,1.74476,1.09555,1.00801,1.09799,0.795455,0.578039,0.566253,,0.566253,1
ABM 2: atenção limitada,desemprego,4,43,2.18375,1.0301,1.3088,1.0592,0.767442,0.141447,0.888193,,0.888193,1
ABM 2: atenção limitada,desemprego,5,42,2.60609,0.966627,1.61015,1.01889,0.714286,-0.147918,0.883133,,0.883133,1
ABM 2: atenção limitada,desemprego,6,41,2.94734,0.904525,1.8584,0.980014,0.634146,-0.422176,0.675157,,0.675157,1
ABM 2: atenção limitada,desemprego,7,40,3.22633,0.848187,2.05594,0.937774,0.575,-0.667527,0.508367,,0.508367,1
ABM 2: atenção limitada,desemprego,8,39,3.44517,0.789318,2.19076,0.869096,0.589744,-0.997497,0.324833,,0.324833,1
