modelo,variavel,h,n,rmse,rmse_relativo,crps,crps_relativo,cobertura_90,dm,p_valor
"Equilíbrio geral, tendência trimestral",pib,1,47,0.988064,0.964316,0.584711,0.977058,0.914894,-2.04448,0.0466535
"Equilíbrio geral, tendência trimestral",consumo,1,47,1.06383,0.984104,0.633626,0.983917,0.93617,-1.38944,0.171387
"Equilíbrio geral, tendência trimestral",investimento,1,47,3.34284,0.978236,1.93879,0.98533,0.893617,-0.890645,0.377754
"Equilíbrio geral, tendência trimestral",governo,1,47,0.862295,0.958129,0.6907,0.949581,1,-0.812642,0.420609
"Equilíbrio geral, tendência trimestral",pib,2,45,1.65783,0.95885,0.937632,0.958725,0.888889,-1.74688,0.0876355
"Equilíbrio geral, tendência trimestral",consumo,2,45,1.83543,0.985549,1.03988,0.986317,0.888889,-0.702411,0.486123
"Equilíbrio geral, tendência trimestral",investimento,2,45,5.10895,0.970009,2.87615,0.967838,0.866667,-3.24663,0.00223668
"Equilíbrio geral, tendência trimestral",governo,2,45,1.18725,0.922497,0.936081,0.906238,1,-1.67484,0.10106
"Equilíbrio geral, tendência trimestral",pib,3,43,2.36918,0.971531,1.31137,0.967428,0.860465,-1.25688,0.215742
"Equilíbrio geral, tendência trimestral",consumo,3,43,2.59954,0.990379,1.44636,0.992478,0.860465,-0.388021,0.69996
"Equilíbrio geral, tendência trimestral",investimento,3,43,6.9298,0.984866,3.81338,0.980048,0.883721,-1.94717,0.0582212
"Equilíbrio geral, tendência trimestral",governo,3,43,1.61059,0.921602,1.1805,0.898399,1,-1.58317,0.120884
"Equilíbrio geral, tendência trimestral",pib,4,41,3.12936,0.984064,1.71754,0.980154,0.829268,-0.83979,0.406018
"Equilíbrio geral, tendência trimestral",consumo,4,41,3.41051,0.994627,1.89388,0.997706,0.804878,-0.216769,0.82949
"Equilíbrio geral, tendência trimestral",investimento,4,41,8.97143,0.987589,4.96286,0.983202,0.829268,-2.70197,0.0100632
"Equilíbrio geral, tendência trimestral",governo,4,41,2.04546,0.915399,1.40997,0.889803,1,-1.9043,0.0640808
"Equilíbrio geral, tendência trimestral",pib,5,39,3.9139,0.987807,2.14302,0.98274,0.794872,-0.74814,0.458981
"Equilíbrio geral, tendência trimestral",consumo,5,39,4.20689,0.999442,2.33291,1.00346,0.794872,-0.02305,0.981731
"Equilíbrio geral, tendência trimestral",investimento,5,39,10.9914,0.990267,6.10979,0.987226,0.794872,-1.54353,0.130991
"Equilíbrio geral, tendência trimestral",governo,5,39,2.38919,0.924662,1.5931,0.885287,1,-1.62552,0.112318
"Equilíbrio geral, tendência trimestral",pib,6,37,4.70189,0.991998,2.58694,0.988026,0.810811,-0.548201,0.586937
"Equilíbrio geral, tendência trimestral",consumo,6,37,4.99062,1.00293,2.77716,1.00648,0.783784,0.123086,0.902724
"Equilíbrio geral, tendência trimestral",investimento,6,37,12.8979,0.993896,7.08949,0.99317,0.783784,-0.88975,0.379508
"Equilíbrio geral, tendência trimestral",governo,6,37,2.80138,0.930447,1.79704,0.883381,1,-1.77045,0.08512
"Equilíbrio geral, tendência trimestral",pib,7,35,5.38253,0.995245,2.96782,0.992187,0.8,-0.309854,0.758563
"Equilíbrio geral, tendência trimestral",consumo,7,35,5.70148,1.00528,3.18036,1.00811,0.8,0.220365,0.826905
"Equilíbrio geral, tendência trimestral",investimento,7,35,14.8199,0.996336,8.15101,0.999074,0.771429,-0.575651,0.568642
"Equilíbrio geral, tendência trimestral",governo,7,35,3.17777,0.949123,1.9926,0.892435,1,-1.10168,0.278338
"Equilíbrio geral, tendência trimestral",pib,8,33,5.99744,0.996984,3.33354,0.994608,0.787879,-0.175026,0.862162
"Equilíbrio geral, tendência trimestral",consumo,8,33,6.3434,1.008,3.55619,1.01032,0.787879,0.314414,0.755247
"Equilíbrio geral, tendência trimestral",investimento,8,33,16.4452,0.995431,9.0608,0.998468,0.757576,-0.843058,0.405454
"Equilíbrio geral, tendência trimestral",governo,8,33,3.62186,0.955701,2.21044,0.897118,1,-0.875937,0.387592
ABM 1: crenças fixas,pib,1,47,0.953648,0.930728,0.56849,0.949954,0.93617,-1.82973,0.0737748
ABM 1: crenças fixas,consumo,1,47,0.963026,0.890858,0.60276,0.935987,0.978723,-2.20357,0.0325998
ABM 1: crenças fixas,investimento,1,47,3.23054,0.945375,1.96125,0.996747,0.702128,-1.98326,0.0533272
ABM 1: crenças fixas,governo,1,47,1.02008,1.13345,0.702005,0.965123,1,2.0314,0.0480156
ABM 1: crenças fixas,pib,2,45,1.611,0.931761,0.929186,0.950088,0.955556,-1.30619,0.198276
ABM 1: crenças fixas,consumo,2,45,1.66202,0.892434,0.98154,0.930987,0.955556,-1.44932,0.154338
ABM 1: crenças fixas,investimento,2,45,5.12475,0.973009,3.03869,1.02254,0.666667,-1.22728,0.226245
ABM 1: crenças fixas,governo,2,45,1.35832,1.05542,0.867557,0.839899,1,1.76296,0.0848521
ABM 1: crenças fixas,pib,3,43,2.30475,0.945113,1.29923,0.958473,0.906977,-1.15306,0.255408
ABM 1: crenças fixas,consumo,3,43,2.36824,0.902259,1.3606,0.933631,0.930233,-1.15886,0.253061
ABM 1: crenças fixas,investimento,3,43,6.89306,0.979644,3.93307,1.01081,0.627907,-1.08132,0.285724
ABM 1: crenças fixas,governo,3,43,1.8958,1.0848,1.1448,0.871231,1,2.86631,0.00646383
ABM 1: crenças fixas,pib,4,41,3.04787,0.958436,1.69953,0.969875,0.853659,-1.07613,0.288317
ABM 1: crenças fixas,consumo,4,41,3.13068,0.913017,1.77658,0.935912,0.902439,-1.03357,0.307547
ABM 1: crenças fixas,investimento,4,41,8.97577,0.988067,5.16582,1.02341,0.707317,-1.04561,0.302021
ABM 1: crenças fixas,governo,4,41,2.32209,1.0392,1.37695,0.868962,1,1.48706,0.144841
ABM 1: crenças fixas,pib,5,39,3.82659,0.965772,2.11352,0.96921,0.846154,-1.13003,0.265548
ABM 1: crenças fixas,consumo,5,39,3.8785,0.921425,2.17989,0.937643,0.846154,-0.940374,0.352966
ABM 1: crenças fixas,investimento,5,39,11.0358,0.994269,6.41549,1.03662,0.717949,-0.534024,0.596436
ABM 1: crenças fixas,governo,5,39,2.70673,1.04755,1.5972,0.887564,1,2.41001,0.0209005
ABM 1: crenças fixas,pib,6,37,4.62207,0.975157,2.55063,0.974158,0.810811,-1.00934,0.319546
ABM 1: crenças fixas,consumo,6,37,4.6187,0.928191,2.58855,0.938124,0.837838,-0.858251,0.396432
ABM 1: crenças fixas,investimento,6,37,12.9474,0.997708,7.27226,1.01877,0.756757,-0.221445,0.825998
ABM 1: crenças fixas,governo,6,37,3.09026,1.0264,1.81277,0.891112,1,1.49098,0.144679
ABM 1: crenças fixas,pib,7,35,5.29084,0.978291,2.90636,0.971641,0.8,-1.1655,0.251927
ABM 1: crenças fixas,consumo,7,35,5.28157,0.931237,2.95364,0.936242,0.828571,-0.804241,0.426845
ABM 1: crenças fixas,investimento,7,35,14.9049,1.00205,8.34266,1.02256,0.742857,0.198085,0.844158
ABM 1: crenças fixas,governo,7,35,3.48206,1.04001,2.03802,0.912776,1,2.82301,0.00789527
ABM 1: crenças fixas,pib,8,33,5.90577,0.981746,3.25414,0.970919,0.818182,-1.148,0.259477
ABM 1: crenças fixas,consumo,8,33,5.88266,0.934785,3.29545,0.936246,0.818182,-0.725645,0.473331
ABM 1: crenças fixas,investimento,8,33,16.6506,1.00786,9.37307,1.03288,0.727273,0.664843,0.510914
ABM 1: crenças fixas,governo,8,33,3.9167,1.0335,2.27326,0.922613,0.969697,2.2526,0.0312744
ABM 1: aprendizado,pib,1,47,0.957523,0.93451,0.570491,0.953296,0.93617,-1.70661,0.0946388
ABM 1: aprendizado,consumo,1,47,0.995432,0.920836,0.622511,0.966657,0.978723,-1.96238,0.0557838
ABM 1: aprendizado,investimento,1,47,3.21925,0.942071,1.97497,1.00372,0.659574,-1.52294,0.13462
ABM 1: aprendizado,governo,1,47,1.02008,1.13345,0.702007,0.965126,1,2.0314,0.0480156
ABM 1: aprendizado,pib,2,45,1.62638,0.940657,0.935564,0.956611,0.955556,-1.09833,0.278033
ABM 1: aprendizado,consumo,2,45,1.73806,0.933263,1.02103,0.968442,0.955556,-1.38233,0.173846
ABM 1: aprendizado,investimento,2,45,5.00282,0.949858,2.97841,1.00225,0.644444,-1.03671,0.305535
ABM 1: aprendizado,governo,2,45,1.35832,1.05542,0.867549,0.83989,1,1.76296,0.0848521
ABM 1: aprendizado,pib,3,43,2.33332,0.956829,1.31259,0.968328,0.906977,-0.856586,0.396535
ABM 1: aprendizado,consumo,3,43,2.48373,0.946256,1.41845,0.973329,0.906977,-1.21554,0.230949
ABM 1: aprendizado,investimento,3,43,6.71827,0.954803,3.91692,1.00666,0.697674,-0.762326,0.450126
ABM 1: aprendizado,governo,3,43,1.8958,1.0848,1.1448,0.871228,1,2.86631,0.00646383
ABM 1: aprendizado,pib,4,41,3.09465,0.973147,1.72591,0.984932,0.853659,-0.622814,0.536941
ABM 1: aprendizado,consumo,4,41,3.28198,0.957142,1.84945,0.974299,0.878049,-1.17064,0.248671
ABM 1: aprendizado,investimento,4,41,8.7932,0.967969,5.21639,1.03343,0.634146,-0.53792,0.593613
ABM 1: aprendizado,governo,4,41,2.32209,1.0392,1.37695,0.868963,1,1.48706,0.144841
ABM 1: aprendizado,pib,5,39,3.89183,0.982237,2.15414,0.987841,0.846154,-0.473538,0.638539
ABM 1: aprendizado,consumo,5,39,4.06272,0.965192,2.26602,0.974687,0.846154,-1.11918,0.270089
ABM 1: aprendizado,investimento,5,39,10.8202,0.974841,6.42965,1.03891,0.641026,-0.400129,0.691302
ABM 1: aprendizado,governo,5,39,2.70673,1.04755,1.59719,0.887563,1,2.41001,0.0209005
ABM 1: aprendizado,pib,6,37,4.70779,0.993241,2.61191,0.997562,0.810811,-0.195101,0.846411
ABM 1: aprendizado,consumo,6,37,4.83674,0.972008,2.69132,0.97537,0.837838,-1.00188,0.323087
ABM 1: aprendizado,investimento,6,37,12.7557,0.982937,7.4225,1.03982,0.702703,-0.269361,0.78919
ABM 1: aprendizado,governo,6,37,3.09026,1.0264,1.8128,0.891131,1,1.49098,0.144679
ABM 1: aprendizado,pib,7,35,5.39825,0.998152,2.99024,0.999686,0.8,-0.0550049,0.956456
ABM 1: aprendizado,consumo,7,35,5.53226,0.975438,3.0727,0.973981,0.8,-0.966445,0.340646
ABM 1: aprendizado,investimento,7,35,14.7696,0.992956,8.66034,1.0615,0.714286,-0.112922,0.910756
ABM 1: aprendizado,governo,7,35,3.48206,1.04001,2.03803,0.912781,1,2.82301,0.00789527
ABM 1: aprendizado,pib,8,33,6.03603,1.0034,3.36134,1.0029,0.818182,0.0936388,0.92598
ABM 1: aprendizado,consumo,8,33,6.16752,0.98005,3.43825,0.976816,0.818182,-0.812138,0.422713
ABM 1: aprendizado,investimento,8,33,16.4878,0.998011,9.73713,1.073,0.69697,-0.0345062,0.972688
ABM 1: aprendizado,governo,8,33,3.9167,1.0335,2.27327,0.922617,0.969697,2.2526,0.0312744
ABM 1: heurísticas,pib,1,47,0.924322,0.902106,0.554313,0.926262,0.93617,-1.91592,0.0616024
ABM 1: heurísticas,consumo,1,47,1.18454,1.09577,0.677317,1.05176,0.723404,1.24743,0.218553
ABM 1: heurísticas,investimento,1,47,2.92208,0.855107,1.88627,0.958638,1,-1.9753,0.0542522
ABM 1: heurísticas,governo,1,47,1.02008,1.13345,0.710366,0.976618,1,2.0314,0.0480156
ABM 1: heurísticas,pib,2,45,1.52183,0.880193,0.888939,0.908936,0.933333,-1.3912,0.17116
ABM 1: heurísticas,consumo,2,45,2.03576,1.09312,1.20246,1.14053,0.622222,0.919761,0.362713
ABM 1: heurísticas,investimento,2,45,4.08235,0.775093,2.74602,0.92405,1,-1.60159,0.116401
ABM 1: heurísticas,governo,2,45,1.35832,1.05542,0.872906,0.845077,1,1.76296,0.0848521
ABM 1: heurísticas,pib,3,43,2.17099,0.890261,1.2499,0.922079,0.906977,-1.12709,0.266104
ABM 1: heurísticas,consumo,3,43,2.86348,1.09093,1.69604,1.1638,0.627907,0.79225,0.432667
ABM 1: heurísticas,investimento,3,43,5.08844,0.723172,3.43942,0.88394,0.976744,-1.45388,0.153411
ABM 1: heurísticas,governo,3,43,1.8958,1.0848,1.1576,0.88097,1,2.86631,0.00646383
ABM 1: heurísticas,pib,4,41,2.88411,0.906941,1.62087,0.924989,0.853659,-0.967769,0.338975
ABM 1: heurísticas,consumo,4,41,3.68957,1.07601,2.17977,1.14831,0.658537,0.742023,0.462408
ABM 1: heurísticas,investimento,4,41,6.82786,0.751621,4.32983,0.85779,0.95122,-1.22036,0.229474
ABM 1: heurísticas,governo,4,41,2.32209,1.0392,1.37547,0.868027,1,1.48706,0.144841
ABM 1: heurísticas,pib,5,39,3.64321,0.91949,2.02162,0.927068,0.846154,-0.905921,0.370686
ABM 1: heurísticas,consumo,5,39,4.52418,1.07482,2.68398,1.15447,0.641026,0.911766,0.36764
ABM 1: heurísticas,investimento,5,39,8.51148,0.766839,5.32526,0.860461,0.974359,-1.04669,0.301853
ABM 1: heurísticas,governo,5,39,2.70673,1.04755,1.59448,0.886053,1,2.41001,0.0209005
ABM 1: heurísticas,pib,6,37,4.41634,0.931754,2.42954,0.927911,0.837838,-0.831974,0.410909
ABM 1: heurísticas,consumo,6,37,5.34852,1.07486,3.17321,1.15001,0.702703,1.35465,0.183971
ABM 1: heurísticas,investimento,6,37,10.0101,0.771364,6.16326,0.863414,0.918919,-1.00939,0.319525
ABM 1: heurísticas,governo,6,37,3.09026,1.0264,1.8061,0.887835,1,1.49098,0.144679
ABM 1: heurísticas,pib,7,35,5.06432,0.936408,2.77353,0.927233,0.828571,-0.802954,0.427579
ABM 1: heurísticas,consumo,7,35,6.09157,1.07405,3.61351,1.14541,0.714286,2.8669,0.00706666
ABM 1: heurísticas,investimento,7,35,11.7835,0.792199,7.136,0.874663,0.857143,-0.946443,0.350601
ABM 1: heurísticas,governo,7,35,3.48206,1.04001,2.01005,0.900251,1,2.82301,0.00789527
ABM 1: heurísticas,pib,8,33,5.65194,0.93955,3.09796,0.92432,0.818182,-0.740111,0.464629
ABM 1: heurísticas,consumo,8,33,6.7706,1.07588,4.03075,1.14515,0.69697,1.14591,0.26033
ABM 1: heurísticas,investimento,8,33,13.2289,0.800745,7.94287,0.875276,0.848485,-0.903706,0.372905
ABM 1: heurísticas,governo,8,33,3.9167,1.0335,2.27559,0.923559,1,2.2526,0.0312744
ABM 1: informação rígida,pib,1,47,0.96945,0.94615,0.575331,0.961385,0.93617,-1.61275,0.11364
ABM 1: informação rígida,consumo,1,47,0.985058,0.911239,0.61912,0.961392,1,-2.07022,0.0440729
ABM 1: informação rígida,investimento,1,47,3.34413,0.978616,2.05275,1.04325,0.659574,-0.684546,0.497065
ABM 1: informação rígida,governo,1,47,1.02008,1.13345,0.710334,0.976574,1,2.0314,0.0480156
ABM 1: informação rígida,pib,2,45,1.65518,0.957316,0.950601,0.971986,0.911111,-0.963185,0.340718
ABM 1: informação rígida,consumo,2,45,1.71056,0.918502,1.01907,0.966582,0.955556,-1.49717,0.141488
ABM 1: informação rígida,investimento,2,45,5.27085,1.00075,3.17624,1.06882,0.644444,0.0207492,0.98354
ABM 1: informação rígida,governo,2,45,1.35832,1.05542,0.872878,0.84505,1,1.76296,0.0848521
ABM 1: informação rígida,pib,3,43,2.37599,0.974327,1.34973,0.99573,0.906977,-0.632048,0.530781
ABM 1: informação rígida,consumo,3,43,2.4411,0.930017,1.42126,0.975258,0.930233,-1.31855,0.194465
ABM 1: informação rígida,investimento,3,43,7.06395,1.00393,4.17576,1.07318,0.627907,0.0882754,0.930077
ABM 1: informação rígida,governo,3,43,1.8958,1.0848,1.15767,0.881027,1,2.86631,0.00646383
ABM 1: informação rígida,pib,4,41,3.1406,0.987598,1.75207,0.99986,0.853659,-0.356861,0.723072
ABM 1: informação rígida,consumo,4,41,3.22429,0.940318,1.82711,0.962529,0.902439,-1.29637,0.202278
ABM 1: informação rígida,investimento,4,41,9.20229,1.013,5.52307,1.09419,0.609756,0.313535,0.755504
ABM 1: informação rígida,governo,4,41,2.32209,1.0392,1.37555,0.868081,1,1.48706,0.144841
ABM 1: informação rígida,pib,5,39,3.95317,0.997717,2.18991,1.00424,0.846154,-0.0745284,0.940981
ABM 1: informação rígida,consumo,5,39,3.9928,0.948581,2.23428,0.961034,0.846154,-1.25864,0.215838
ABM 1: informação rígida,investimento,5,39,11.2572,1.01421,6.74791,1.09034,0.615385,0.356732,0.723266
ABM 1: informação rígida,governo,5,39,2.70673,1.04755,1.5945,0.886068,1,2.41001,0.0209005
ABM 1: informação rígida,pib,6,37,4.77667,1.00777,2.63632,1.00688,0.810811,0.276572,0.78369
ABM 1: informação rígida,consumo,6,37,4.75754,0.956092,2.62624,0.951783,0.837838,-1.18025,0.245639
ABM 1: informação rígida,investimento,6,37,13.2243,1.01905,7.78704,1.09089,0.648649,0.479745,0.634311
ABM 1: informação rígida,governo,6,37,3.09026,1.0264,1.80603,0.887804,1,1.49098,0.144679
ABM 1: informação rígida,pib,7,35,5.47376,1.01211,3.01669,1.00853,0.8,0.435007,0.666306
ABM 1: informação rígida,consumo,7,35,5.44118,0.959379,2.99818,0.950361,0.8,-1.17593,0.247793
ABM 1: informação rígida,investimento,7,35,15.2294,1.02387,9.00692,1.10398,0.628571,0.616328,0.541783
ABM 1: informação rígida,governo,7,35,3.48206,1.04001,2.01002,0.900239,1,2.82301,0.00789527
ABM 1: informação rígida,pib,8,33,6.1281,1.0187,3.39599,1.01324,0.818182,0.616952,0.541632
ABM 1: informação rígida,consumo,8,33,6.06743,0.964146,3.35044,0.951871,0.818182,-1.07767,0.289239
ABM 1: informação rígida,investimento,8,33,16.948,1.02586,10.0849,1.11132,0.666667,0.729419,0.471051
ABM 1: informação rígida,governo,8,33,3.9167,1.0335,2.27554,0.923539,1,2.2526,0.0312744
ABM 1: atenção limitada,pib,1,47,0.925482,0.903238,0.556185,0.929391,0.93617,-2.07683,0.0434302
ABM 1: atenção limitada,consumo,1,47,1.00225,0.927143,0.579394,0.899703,0.765957,-1.66171,0.103372
ABM 1: atenção limitada,investimento,1,47,3.04236,0.890307,1.87728,0.954072,1,-1.94555,0.0578351
ABM 1: atenção limitada,governo,1,47,1.02008,1.13345,0.701966,0.96507,1,2.0314,0.0480156
ABM 1: atenção limitada,pib,2,45,1.53567,0.888195,0.891201,0.911249,0.955556,-1.46152,0.150978
ABM 1: atenção limitada,consumo,2,45,1.72025,0.923702,0.969512,0.919578,0.733333,-0.934431,0.355182
ABM 1: atenção limitada,investimento,2,45,4.69806,0.891995,2.88536,0.97094,0.955556,-1.57532,0.122346
ABM 1: atenção limitada,governo,2,45,1.35832,1.05542,0.86755,0.839891,1,1.76296,0.0848521
ABM 1: atenção limitada,pib,3,43,2.18255,0.895002,1.23665,0.91231,0.906977,-1.2288,0.225989
ABM 1: atenção limitada,consumo,3,43,2.44903,0.933038,1.39499,0.957228,0.744186,-0.642701,0.523911
ABM 1: atenção limitada,investimento,3,43,6.2583,0.889433,3.76207,0.966861,0.930233,-1.49114,0.143398
ABM 1: atenção limitada,governo,3,43,1.8958,1.0848,1.14484,0.871259,1,2.86631,0.00646383
ABM 1: atenção limitada,pib,4,41,2.88975,0.908716,1.61809,0.923399,0.878049,-1.07259,0.289886
ABM 1: atenção limitada,consumo,4,41,3.23394,0.943132,1.87781,0.989238,0.682927,-0.510417,0.612565
ABM 1: atenção limitada,investimento,4,41,8.18916,0.901476,4.84809,0.960464,0.902439,-1.38272,0.174423
ABM 1: atenção limitada,governo,4,41,2.32209,1.0392,1.37701,0.869001,1,1.48706,0.144841
ABM 1: atenção limitada,pib,5,39,3.6366,0.91782,2.01248,0.922877,0.871795,-1.02699,0.310917
ABM 1: atenção limitada,consumo,5,39,4.01645,0.954198,2.34671,1.0094,0.692308,-0.401298,0.690448
ABM 1: atenção limitada,investimento,5,39,10.0863,0.908717,5.93577,0.959109,0.871795,-1.1522,0.256437
ABM 1: atenção limitada,governo,5,39,2.70673,1.04755,1.59726,0.887598,1,2.41001,0.0209005
ABM 1: atenção limitada,pib,6,37,4.40401,0.929151,2.43323,0.929319,0.837838,-0.939347,0.353813
ABM 1: atenção limitada,consumo,6,37,4.78651,0.961914,2.82122,1.02245,0.72973,-0.333698,0.740543
ABM 1: atenção limitada,investimento,6,37,11.825,0.911221,6.88199,0.964101,0.837838,-1.08626,0.284585
ABM 1: atenção limitada,governo,6,37,3.09026,1.0264,1.81286,0.89116,1,1.49098,0.144679
ABM 1: atenção limitada,pib,7,35,5.04677,0.933163,2.77403,0.927404,0.828571,-0.910626,0.368903
ABM 1: atenção limitada,consumo,7,35,5.48824,0.967677,3.23943,1.02683,0.8,-0.280426,0.78085
ABM 1: atenção limitada,investimento,7,35,13.6982,0.920925,7.90581,0.96902,0.828571,-0.938524,0.354595
ABM 1: atenção limitada,governo,7,35,3.48206,1.04001,2.03812,0.912824,1,2.82301,0.00789527
ABM 1: atenção limitada,pib,8,33,5.6289,0.93572,3.0969,0.924003,0.818182,-0.851296,0.400931
ABM 1: atenção limitada,consumo,8,33,6.12912,0.973949,3.62509,1.0299,0.727273,-0.216511,0.829964
ABM 1: atenção limitada,investimento,8,33,15.3364,0.928314,8.85499,0.975789,0.818182,-0.824905,0.415533
ABM 1: atenção limitada,governo,8,33,3.9167,1.0335,2.27334,0.922649,0.969697,2.2526,0.0312744
Média,pib,1,47,1.02463,1,0.59844,1,0.893617,,
Média,consumo,1,47,1.08101,1,0.643983,1,0.93617,,
Média,investimento,1,47,3.41721,1,1.96765,1,0.893617,,
Média,governo,1,47,0.899978,1,0.727373,1,1,,
Média,desemprego,1,47,0.567027,1,0.321416,1,0.829787,,
Média,pib,2,45,1.72898,1,0.977999,1,0.888889,,
Média,consumo,2,45,1.86234,1,1.0543,1,0.888889,,
Média,investimento,2,45,5.26692,1,2.97172,1,0.866667,,
Média,governo,2,45,1.287,1,1.03293,1,1,,
Média,desemprego,2,45,1.09732,1,0.652906,1,0.688889,,
Média,pib,3,43,2.4386,1,1.35552,1,0.837209,,
Média,consumo,3,43,2.62479,1,1.45732,1,0.860465,,
Média,investimento,3,43,7.03629,1,3.89102,1,0.883721,,
Média,governo,3,43,1.7476,1,1.31401,1,1,,
Média,desemprego,3,43,1.63315,1,1.0137,1,0.604651,,
Média,pib,4,41,3.18004,1,1.75232,1,0.804878,,
Média,consumo,4,41,3.42894,1,1.89824,1,0.804878,,
Média,investimento,4,41,9.08418,1,5.04765,1,0.829268,,
Média,governo,4,41,2.2345,1,1.58459,1,1,,
Média,desemprego,4,41,2.16195,1,1.3892,1,0.560976,,
Média,pib,5,39,3.96221,1,2.18066,1,0.794872,,
Média,consumo,5,39,4.20924,1,2.32487,1,0.794872,,
Média,investimento,5,39,11.0994,1,6.18884,1,0.794872,,
Média,governo,5,39,2.58386,1,1.79953,1,1,,
Média,desemprego,5,39,2.67655,1,1.77291,1,0.512821,,
Média,pib,6,37,4.73982,1,2.61829,1,0.783784,,
Média,consumo,6,37,4.97603,1,2.75929,1,0.783784,,
Média,investimento,6,37,12.9771,1,7.13825,1,0.783784,,
Média,governo,6,37,3.01079,1,2.03427,1,1,,
Média,desemprego,6,37,3.16592,1,2.15381,1,0.459459,,
Média,pib,7,35,5.40825,1,2.99118,1,0.8,,
Média,consumo,7,35,5.67156,1,3.15478,1,0.771429,,
Média,investimento,7,35,14.8744,1,8.15857,1,0.771429,,
Média,governo,7,35,3.34812,1,2.23277,1,1,,
Média,desemprego,7,35,3.59489,1,2.50819,1,0.371429,,
Média,pib,8,33,6.01558,1,3.35161,1,0.757576,,
Média,consumo,8,33,6.29307,1,3.51985,1,0.787879,,
Média,investimento,8,33,16.5207,1,9.0747,1,0.757576,,
Média,governo,8,33,3.78974,1,2.46393,1,1,,
Média,desemprego,8,33,4.01706,1,2.86124,1,0.393939,,
"Equilíbrio geral com busca, tendência trimestral",pib,1,47,1.00562,0.981453,0.589305,0.984736,0.914894,-0.896907,0.374439
"Equilíbrio geral com busca, tendência trimestral",consumo,1,47,1.06452,0.984745,0.627633,0.974612,0.93617,-1.48746,0.143718
"Equilíbrio geral com busca, tendência trimestral",investimento,1,47,3.477,1.0175,2.00987,1.02145,0.914894,0.450265,0.654634
"Equilíbrio geral com busca, tendência trimestral",governo,1,47,0.928306,1.03148,0.692604,0.952199,1,0.674151,0.503589
"Equilíbrio geral com busca, tendência trimestral",desemprego,1,47,0.407256,0.718231,0.234336,0.729073,0.851064,-2.60968,0.0121887
"Equilíbrio geral com busca, tendência trimestral",pib,2,45,1.70635,0.98691,0.963911,0.985594,0.888889,-0.501061,0.618826
"Equilíbrio geral com busca, tendência trimestral",consumo,2,45,1.83661,0.986183,1.03098,0.977883,0.911111,-0.74896,0.457867
"Equilíbrio geral com busca, tendência trimestral",investimento,2,45,5.47602,1.0397,3.11504,1.04823,0.888889,0.86081,0.39401
"Equilíbrio geral com busca, tendência trimestral",governo,2,45,1.3174,1.02363,0.941162,0.911157,1,0.988495,0.328315
"Equilíbrio geral com busca, tendência trimestral",desemprego,2,45,0.8264,0.753107,0.480945,0.736622,0.777778,-1.442,0.156383
"Equilíbrio geral com busca, tendência trimestral",pib,3,43,2.43057,0.996709,1.34711,0.993796,0.837209,-0.128275,0.898544
"Equilíbrio geral com busca, tendência trimestral",consumo,3,43,2.60149,0.99112,1.43526,0.984863,0.860465,-0.409214,0.684462
"Equilíbrio geral com busca, tendência trimestral",investimento,3,43,7.42415,1.05512,4.12927,1.06123,0.860465,1.30597,0.19867
"Equilíbrio geral com busca, tendência trimestral",governo,3,43,1.77864,1.01776,1.19265,0.907643,1,1.09657,0.279078
"Equilíbrio geral com busca, tendência trimestral",desemprego,3,43,1.25848,0.770584,0.744898,0.734832,0.790698,-1.11119,0.272808
"Equilíbrio geral com busca, tendência trimestral",pib,4,41,3.19524,1.00478,1.751,0.999252,0.780488,0.174986,0.861974
"Equilíbrio geral com busca, tendência trimestral",consumo,4,41,3.41441,0.995765,1.88139,0.991125,0.804878,-0.201878,0.841035
"Equilíbrio geral com busca, tendência trimestral",investimento,4,41,9.59817,1.05658,5.36023,1.06192,0.804878,1.25482,0.216827
"Equilíbrio geral com busca, tendência trimestral",governo,4,41,2.23792,1.00153,1.42892,0.901759,1,0.179975,0.858081
"Equilíbrio geral com busca, tendência trimestral",desemprego,4,41,1.7108,0.791322,1.01878,0.733359,0.756098,-0.938969,0.353383
"Equilíbrio geral com busca, tendência trimestral",pib,5,39,4.01143,1.01242,2.18982,1.0042,0.794872,0.415206,0.680326
"Equilíbrio geral com busca, tendência trimestral",consumo,5,39,4.21263,1.00081,2.31867,0.997333,0.820513,0.041312,0.967263
"Equilíbrio geral com busca, tendência trimestral",investimento,5,39,11.9235,1.07425,6.7602,1.09232,0.794872,1.5518,0.128999
"Equilíbrio geral com busca, tendência trimestral",governo,5,39,2.60727,1.00906,1.6214,0.901016,1,1.08564,0.28448
"Equilíbrio geral com busca, tendência trimestral",desemprego,5,39,2.16845,0.810167,1.31456,0.741471,0.74359,-0.823024,0.415629
"Equilíbrio geral com busca, tendência trimestral",pib,6,37,4.83057,1.01915,2.64453,1.01002,0.783784,0.593926,0.556276
"Equilíbrio geral com busca, tendência trimestral",consumo,6,37,4.99888,1.00459,2.76155,1.00082,0.783784,0.255971,0.79943
"Equilíbrio geral com busca, tendência trimestral",investimento,6,37,14.077,1.08476,7.93998,1.11232,0.783784,1.7612,0.0866973
"Equilíbrio geral com busca, tendência trimestral",governo,6,37,3.01927,1.00282,1.82914,0.899161,1,0.296926,0.76823
"Equilíbrio geral com busca, tendência trimestral",desemprego,6,37,2.60241,0.822007,1.60652,0.745895,0.702703,-0.761956,0.45105
"Equilíbrio geral com busca, tendência trimestral",pib,7,35,5.51785,1.02027,3.01735,1.00875,0.8,0.575087,0.569019
"Equilíbrio geral com busca, tendência trimestral",consumo,7,35,5.71153,1.00705,3.16216,1.00234,0.8,0.43165,0.668721
"Equilíbrio geral com busca, tendência trimestral",investimento,7,35,16.0562,1.07945,9.03254,1.10712,0.771429,1.68203,0.101727
"Equilíbrio geral com busca, tendência trimestral",governo,7,35,3.37264,1.00733,2.0165,0.903141,1,0.784374,0.438252
"Equilíbrio geral com busca, tendência trimestral",desemprego,7,35,2.92858,0.814652,1.82228,0.726531,0.685714,-0.775681,0.4433
"Equilíbrio geral com busca, tendência trimestral",pib,8,33,6.13157,1.01928,3.36951,1.00534,0.787879,0.501219,0.619648
"Equilíbrio geral com busca, tendência trimestral",consumo,8,33,6.35328,1.00957,3.53399,1.00402,0.787879,0.59802,0.554036
"Equilíbrio geral com busca, tendência trimestral",investimento,8,33,17.8028,1.07761,10.0481,1.10726,0.757576,1.70965,0.0970122
"Equilíbrio geral com busca, tendência trimestral",governo,8,33,3.81991,1.00796,2.24042,0.909287,1,0.701624,0.487985
"Equilíbrio geral com busca, tendência trimestral",desemprego,8,33,3.25478,0.810241,2.04753,0.71561,0.666667,-0.786964,0.437093
ABM 2: crenças fixas,pib,1,47,1.03265,1.00783,0.644674,1.07726,0.914894,0.140641,0.888767
ABM 2: crenças fixas,consumo,1,47,0.994883,0.920328,0.667653,1.03675,0.957447,-2.53512,0.0147052
ABM 2: crenças fixas,investimento,1,47,3.20416,0.937656,1.95742,0.994799,0.914894,-1.36302,0.179511
ABM 2: crenças fixas,governo,1,47,1.06075,1.17864,0.628727,0.86438,0.93617,2.39071,0.0209651
ABM 2: crenças fixas,desemprego,1,47,0.501838,0.885034,0.290679,0.904369,0.914894,-1.36594,0.178599
ABM 2: crenças fixas,pib,2,45,1.67258,0.967383,1.0327,1.05593,0.888889,-0.567854,0.573021
ABM 2: crenças fixas,consumo,2,45,1.70455,0.915271,1.07766,1.02216,0.955556,-1.55821,0.126348
ABM 2: crenças fixas,investimento,2,45,4.93187,0.936388,3.02202,1.01693,0.888889,-1.30302,0.199347
ABM 2: crenças fixas,governo,2,45,1.40653,1.09287,0.837461,0.810762,0.844444,2.33862,0.0239627
ABM 2: crenças fixas,desemprego,2,45,0.997411,0.908951,0.570747,0.874164,0.8,-0.690811,0.493313
ABM 2: crenças fixas,pib,3,43,2.40072,0.984468,1.45748,1.07522,0.883721,-0.230099,0.819132
ABM 2: crenças fixas,consumo,3,43,2.43007,0.925813,1.48599,1.01967,0.930233,-1.14377,0.259196
ABM 2: crenças fixas,investimento,3,43,6.58849,0.936359,3.92618,1.00904,0.860465,-1.48422,0.145218
ABM 2: crenças fixas,governo,3,43,1.93944,1.10977,1.17434,0.893713,0.860465,2.5618,0.0140915
ABM 2: crenças fixas,desemprego,3,43,1.48106,0.906873,0.877161,0.865307,0.744186,-0.557837,0.579917
ABM 2: crenças fixas,pib,4,41,2.9979,0.942726,1.80451,1.02979,0.853659,-0.772178,0.444548
ABM 2: crenças fixas,consumo,4,41,3.20048,0.933373,1.91697,1.00987,0.902439,-1.00203,0.322351
ABM 2: crenças fixas,investimento,4,41,8.56863,0.943248,5.0745,1.00532,0.829268,-1.07321,0.289608
ABM 2: crenças fixas,governo,4,41,2.36133,1.05676,1.46405,0.923929,0.756098,1.7081,0.0953689
ABM 2: crenças fixas,desemprego,4,41,1.9225,0.889241,1.1715,0.84329,0.707317,-0.601148,0.551133
ABM 2: crenças fixas,pib,5,39,3.69786,0.933283,2.20384,1.01063,0.820513,-0.848831,0.401291
ABM 2: crenças fixas,consumo,5,39,3.94381,0.936942,2.3386,1.00591,0.820513,-0.911721,0.367664
ABM 2: crenças fixas,investimento,5,39,10.5664,0.951976,6.26945,1.01302,0.820513,-0.876385,0.386327
ABM 2: crenças fixas,governo,5,39,2.74444,1.06215,1.74657,0.970572,0.74359,2.378,0.02254
ABM 2: crenças fixas,desemprego,5,39,2.31972,0.866682,1.46823,0.828144,0.692308,-0.709884,0.48211
ABM 2: crenças fixas,pib,6,37,4.4536,0.939615,2.63944,1.00808,0.810811,-0.758367,0.453168
ABM 2: crenças fixas,consumo,6,37,4.69741,0.944009,2.78107,1.0079,0.810811,-0.770006,0.44632
ABM 2: crenças fixas,investimento,6,37,12.512,0.964157,7.34059,1.02835,0.810811,-0.622232,0.537711
ABM 2: crenças fixas,governo,6,37,3.12675,1.03852,2.02191,0.993921,0.648649,1.82665,0.0760543
ABM 2: crenças fixas,desemprego,6,37,2.659,0.839884,1.73844,0.807145,0.648649,-0.86653,0.391939
ABM 2: crenças fixas,pib,7,35,5.09418,0.941928,3.01773,1.00887,0.8,-0.655317,0.516674
ABM 2: crenças fixas,consumo,7,35,5.36928,0.946702,3.18186,1.00858,0.8,-0.684868,0.49807
ABM 2: crenças fixas,investimento,7,35,14.4857,0.97387,8.51513,1.0437,0.8,-0.453071,0.653376
ABM 2: crenças fixas,governo,7,35,3.51057,1.04852,2.2878,1.02465,0.628571,2.43683,0.0202037
ABM 2: crenças fixas,desemprego,7,35,2.97526,0.827636,1.97474,0.787316,0.6,-0.890303,0.37956
ABM 2: crenças fixas,pib,8,33,5.63088,0.936049,3.34497,0.998019,0.787879,-0.656793,0.51601
ABM 2: crenças fixas,consumo,8,33,5.97411,0.949316,3.55698,1.01055,0.818182,-0.577972,0.567328
ABM 2: crenças fixas,investimento,8,33,16.0741,0.972968,9.48511,1.04522,0.787879,-0.435459,0.666153
ABM 2: crenças fixas,governo,8,33,3.94083,1.03987,2.59162,1.05182,0.606061,2.21254,0.0341854
ABM 2: crenças fixas,desemprego,8,33,3.33123,0.829271,2.24272,0.783828,0.575758,-0.921591,0.363638
ABM 2: aprendizado,pib,1,47,1.18959,1.161,0.719828,1.20284,0.957447,1.38242,0.173519
ABM 2: aprendizado,consumo,1,47,1.03896,0.961098,0.682312,1.05952,0.978723,-1.04584,0.3011
ABM 2: aprendizado,investimento,1,47,3.54124,1.0363,2.13221,1.08363,0.914894,0.588787,0.558885
ABM 2: aprendizado,governo,1,47,1.02327,1.13699,0.6143,0.844545,0.93617,1.91442,0.0617981
ABM 2: aprendizado,desemprego,1,47,0.494885,0.872771,0.326529,1.01591,0.765957,-1.0688,0.290736
ABM 2: aprendizado,pib,2,45,2.05893,1.19084,1.18917,1.21592,0.933333,1.398,0.169122
ABM 2: aprendizado,consumo,2,45,1.76316,0.946741,1.11269,1.05539,0.933333,-1.27152,0.210226
ABM 2: aprendizado,investimento,2,45,5.39922,1.02512,3.22261,1.08442,0.888889,0.40684,0.686098
ABM 2: aprendizado,governo,2,45,1.36713,1.06226,0.820215,0.794066,0.911111,2.17416,0.0351148
ABM 2: aprendizado,desemprego,2,45,0.917158,0.835815,0.546601,0.837182,0.777778,-1.02022,0.313202
ABM 2: aprendizado,pib,3,43,2.66848,1.09427,1.573,1.16044,0.883721,1.09531,0.279623
ABM 2: aprendizado,consumo,3,43,2.49369,0.95005,1.53754,1.05505,0.906977,-1.01806,0.314478
ABM 2: aprendizado,investimento,3,43,7.27085,1.03334,4.21312,1.08278,0.860465,0.527688,0.600493
ABM 2: aprendizado,governo,3,43,1.92368,1.10076,1.16888,0.889557,0.767442,3.3017,0.00196784
ABM 2: aprendizado,desemprego,3,43,1.29425,0.792488,0.753632,0.743448,0.767442,-1.10543,0.275266
ABM 2: aprendizado,pib,4,41,3.2761,1.03021,1.96596,1.12192,0.853659,0.815368,0.41969
ABM 2: aprendizado,consumo,4,41,3.27121,0.954001,1.97653,1.04124,0.878049,-0.881585,0.383268
ABM 2: aprendizado,investimento,4,41,9.32318,1.02631,5.42929,1.07561,0.829268,0.402066,0.689776
ABM 2: aprendizado,governo,4,41,2.36162,1.05689,1.45938,0.920981,0.780488,1.84559,0.0723628
ABM 2: aprendizado,desemprego,4,41,1.68372,0.778797,0.993781,0.715364,0.756098,-1.09637,0.279476
ABM 2: aprendizado,pib,5,39,3.92069,0.989522,2.35212,1.07863,0.794872,-0.776898,0.442029
ABM 2: aprendizado,consumo,5,39,4.02392,0.955972,2.40892,1.03615,0.846154,-0.844861,0.403477
ABM 2: aprendizado,investimento,5,39,11.3925,1.02641,6.76175,1.09257,0.820513,0.38805,0.700144
ABM 2: aprendizado,governo,5,39,2.74702,1.06315,1.74448,0.969409,0.692308,2.95961,0.00527992
ABM 2: aprendizado,desemprego,5,39,2.14008,0.799566,1.29725,0.731709,0.717949,-0.962202,0.342031
ABM 2: aprendizado,pib,6,37,4.63119,0.977081,2.78843,1.06498,0.810811,-0.745874,0.460587
ABM 2: aprendizado,consumo,6,37,4.75543,0.955669,2.8217,1.02262,0.837838,-0.836102,0.408613
ABM 2: aprendizado,investimento,6,37,13.3075,1.02546,7.86176,1.10136,0.810811,0.396153,0.69433
ABM 2: aprendizado,governo,6,37,3.13359,1.04079,2.0261,0.995981,0.702703,1.85649,0.0715824
ABM 2: aprendizado,desemprego,6,37,2.56109,0.808958,1.61985,0.752086,0.675676,-0.890577,0.37907
ABM 2: aprendizado,pib,7,35,5.19782,0.961092,3.08771,1.03227,0.828571,-0.872855,0.388865
ABM 2: aprendizado,consumo,7,35,5.42532,0.956583,3.2028,1.01522,0.828571,-0.802765,0.427687
ABM 2: aprendizado,investimento,7,35,15.1591,1.01914,8.85611,1.0855,0.8,0.369205,0.714264
ABM 2: aprendizado,governo,7,35,3.52478,1.05277,2.28622,1.02394,0.6,2.67194,0.0114933
ABM 2: aprendizado,desemprego,7,35,2.82563,0.786014,1.83931,0.733323,0.628571,-1.07016,0.292087
ABM 2: aprendizado,pib,8,33,5.81785,0.967131,3.46768,1.03463,0.818182,-0.619868,0.539734
ABM 2: aprendizado,consumo,8,33,6.01252,0.955419,3.53727,1.00495,0.818182,-0.801646,0.428671
ABM 2: aprendizado,investimento,8,33,16.9483,1.02588,9.97597,1.09932,0.787879,0.509853,0.613653
ABM 2: aprendizado,governo,8,33,3.95256,1.04296,2.60849,1.05867,0.575758,3.23705,0.00280955
ABM 2: aprendizado,desemprego,8,33,3.19591,0.795585,2.13579,0.746456,0.606061,-1.04634,0.303244
ABM 2: heurísticas,pib,1,47,1.07208,1.04631,0.694258,1.16011,0.93617,0.752367,0.455663
ABM 2: heurísticas,consumo,1,47,1.54704,1.43111,0.925409,1.43701,0.893617,2.3755,0.021748
ABM 2: heurísticas,investimento,1,47,6.81551,1.99447,4.1072,2.08736,0.680851,3.50821,0.00102018
ABM 2: heurísticas,governo,1,47,1.1198,1.24426,0.667869,0.918194,0.914894,2.35616,0.0227814
ABM 2: heurísticas,desemprego,1,47,0.479453,0.845556,0.311455,0.969008,0.893617,-2.00249,0.051147
ABM 2: heurísticas,pib,2,45,1.89293,1.09482,1.14364,1.16937,0.955556,1.29405,0.202401
ABM 2: heurísticas,consumo,2,45,2.46767,1.32503,1.49388,1.41694,0.911111,2.29303,0.0266829
ABM 2: heurísticas,investimento,2,45,9.0608,1.72032,5.50395,1.85211,0.733333,4.21902,0.000120592
ABM 2: heurísticas,governo,2,45,1.46516,1.13843,0.894715,0.866191,0.844444,2.16696,0.0356933
ABM 2: heurísticas,desemprego,2,45,0.996881,0.908468,0.605929,0.928049,0.822222,-0.888211,0.379257
ABM 2: heurísticas,pib,3,43,2.67939,1.09874,1.59055,1.17339,0.930233,2.04766,0.0468802
ABM 2: heurísticas,consumo,3,43,3.55409,1.35404,2.11573,1.45179,0.883721,1.88603,0.0662184
ABM 2: heurísticas,investimento,3,43,12.2916,1.74689,7.57478,1.94674,0.697674,3.4589,0.00125658
ABM 2: heurísticas,governo,3,43,2.12075,1.21352,1.30268,0.991377,0.72093,3.78953,0.000475433
ABM 2: heurísticas,desemprego,3,43,1.49778,0.917108,0.893902,0.881822,0.813953,-0.605246,0.548272
ABM 2: heurísticas,pib,4,41,3.41101,1.07263,2.01801,1.15163,0.878049,2.11684,0.0405427
ABM 2: heurísticas,consumo,4,41,4.32069,1.26007,2.51661,1.32576,0.829268,1.40541,0.16762
ABM 2: heurísticas,investimento,4,41,14.9256,1.64303,9.19928,1.82249,0.682927,2.78857,0.00806536
ABM 2: heurísticas,governo,4,41,2.50834,1.12255,1.58926,1.00295,0.658537,2.09689,0.0423719
ABM 2: heurísticas,desemprego,4,41,1.99888,0.92457,1.20814,0.869668,0.756098,-0.516083,0.608638
ABM 2: heurísticas,pib,5,39,4.17057,1.05259,2.46469,1.13025,0.846154,1.24894,0.219328
ABM 2: heurísticas,consumo,5,39,5.14872,1.22319,2.97843,1.28112,0.769231,1.61843,0.113842
ABM 2: heurísticas,investimento,5,39,18.0838,1.62925,10.9806,1.77425,0.717949,2.73575,0.00940753
ABM 2: heurísticas,governo,5,39,2.91988,1.13005,1.88464,1.0473,0.666667,2.18672,0.0349897
ABM 2: heurísticas,desemprego,5,39,2.47599,0.925067,1.53368,0.865061,0.717949,-0.504316,0.616951
ABM 2: heurísticas,pib,6,37,4.95034,1.04442,2.91244,1.11234,0.837838,1.76233,0.0865025
ABM 2: heurísticas,consumo,6,37,6.02848,1.21151,3.45172,1.25095,0.783784,1.61126,0.115857
ABM 2: heurísticas,investimento,6,37,21.2746,1.63939,13.0244,1.8246,0.675676,2.44496,0.0195109
ABM 2: heurísticas,governo,6,37,3.30703,1.09839,2.1629,1.06323,0.648649,1.86432,0.0704467
ABM 2: heurísticas,desemprego,6,37,2.95196,0.932418,1.89769,0.881084,0.648649,-0.430723,0.669238
ABM 2: heurísticas,pib,7,35,5.59336,1.03423,3.27105,1.09356,0.828571,1.03433,0.308284
ABM 2: heurísticas,consumo,7,35,6.85144,1.20803,3.95374,1.25325,0.771429,1.93133,0.0618128
ABM 2: heurísticas,investimento,7,35,24.096,1.61997,15.0729,1.84749,0.628571,2.94874,0.00573498
ABM 2: heurísticas,governo,7,35,3.73457,1.11543,2.46134,1.10237,0.6,2.09029,0.0441423
ABM 2: heurísticas,desemprego,7,35,3.39965,0.94569,2.23142,0.889653,0.685714,-0.33637,0.738659
ABM 2: heurísticas,pib,8,33,6.24854,1.03873,3.67537,1.0966,0.787879,0.869035,0.391299
ABM 2: heurísticas,consumo,8,33,7.66152,1.21745,4.45946,1.26695,0.727273,1.67828,0.103033
ABM 2: heurísticas,investimento,8,33,26.7146,1.61704,16.9518,1.86803,0.545455,2.52807,0.016602
ABM 2: heurísticas,governo,8,33,4.16876,1.10001,2.7942,1.13404,0.515152,2.24711,0.0316601
ABM 2: heurísticas,desemprego,8,33,3.74365,0.931938,2.4997,0.873641,0.606061,-0.49107,0.626728
ABM 2: informação rígida,pib,1,47,1.22562,1.19617,0.748153,1.25017,0.978723,0.994515,0.325175
ABM 2: informação rígida,consumo,1,47,1.02388,0.947154,0.697452,1.08303,1,-1.01437,0.315712
ABM 2: informação rígida,investimento,1,47,3.71068,1.08588,2.19879,1.11747,0.914894,1.15551,0.253849
ABM 2: informação rígida,governo,1,47,1.05138,1.16823,0.625475,0.859909,0.957447,1.98941,0.0526212
ABM 2: informação rígida,desemprego,1,47,0.52392,0.923978,0.339325,1.05572,0.808511,-0.863978,0.392083
ABM 2: informação rígida,pib,2,45,1.86242,1.07718,1.13226,1.15773,0.933333,0.550541,0.584733
ABM 2: informação rígida,consumo,2,45,1.7118,0.919166,1.09002,1.03388,0.955556,-1.15925,0.252606
ABM 2: informação rígida,investimento,2,45,5.48213,1.04086,3.23913,1.08998,0.911111,0.492674,0.624693
ABM 2: informação rígida,governo,2,45,1.38572,1.07671,0.83242,0.805882,0.911111,1.77944,0.0820757
ABM 2: informação rígida,desemprego,2,45,0.996079,0.907737,0.601791,0.921711,0.755556,-0.771566,0.444496
ABM 2: informação rígida,pib,3,43,2.46067,1.00905,1.487,1.09699,0.930233,0.0839765,0.933474
ABM 2: informação rígida,consumo,3,43,2.40342,0.915659,1.46517,1.00538,0.953488,-1.1165,0.270553
ABM 2: informação rígida,investimento,3,43,7.07603,1.00565,4.05298,1.04163,0.906977,0.0748352,0.940701
ABM 2: informação rígida,governo,3,43,1.90239,1.08857,1.15727,0.880722,0.837209,2.24556,0.0300532
ABM 2: informação rígida,desemprego,3,43,1.48704,0.91053,0.902136,0.889946,0.72093,-0.570191,0.571586
ABM 2: informação rígida,pib,4,41,3.13937,0.987212,1.90252,1.08572,0.878049,-0.112531,0.910966
ABM 2: informação rígida,consumo,4,41,3.17136,0.924881,1.87466,0.987581,0.926829,-1.03432,0.307197
ABM 2: informação rígida,investimento,4,41,8.89865,0.979577,5.08874,1.00814,0.878049,-0.286883,0.775683
ABM 2: informação rígida,governo,4,41,2.33844,1.04652,1.4592,0.920873,0.756098,1.27466,0.209783
ABM 2: informação rígida,desemprego,4,41,1.96101,0.907054,1.2007,0.864309,0.682927,-0.502342,0.618182
ABM 2: informação rígida,pib,5,39,3.80019,0.959109,2.24292,1.02855,0.846154,-0.39873,0.692324
ABM 2: informação rígida,consumo,5,39,3.89559,0.925487,2.26139,0.972695,0.923077,-1.05753,0.296946
ABM 2: informação rígida,investimento,5,39,10.9399,0.985623,6.29179,1.01663,0.846154,-0.205907,0.837962
ABM 2: informação rígida,governo,5,39,2.7261,1.05505,1.74148,0.967742,0.666667,2.17466,0.0359488
ABM 2: informação rígida,desemprego,5,39,2.44312,0.912785,1.52818,0.861959,0.666667,-0.423683,0.674185
ABM 2: informação rígida,pib,6,37,4.58004,0.96629,2.67309,1.02093,0.837838,-0.432592,0.667892
ABM 2: informação rígida,consumo,6,37,4.64708,0.933893,2.66606,0.966212,0.864865,-0.964083,0.341436
ABM 2: informação rígida,investimento,6,37,12.8891,0.993215,7.33518,1.02759,0.837838,-0.118975,0.905956
ABM 2: informação rígida,governo,6,37,3.11143,1.03343,2.0116,0.988855,0.621622,1.6864,0.100367
ABM 2: informação rígida,desemprego,6,37,2.83507,0.895498,1.81201,0.841304,0.594595,-0.48998,0.627121
ABM 2: informação rígida,pib,7,35,5.30698,0.981276,3.09216,1.03376,0.828571,-0.263707,0.793597
ABM 2: informação rígida,consumo,7,35,5.32718,0.939279,3.0467,0.96574,0.828571,-0.934521,0.356625
ABM 2: informação rígida,investimento,7,35,14.8468,0.998149,8.43647,1.03406,0.828571,-0.0401814,0.968184
ABM 2: informação rígida,governo,7,35,3.52194,1.05192,2.31383,1.03631,0.628571,4.14136,0.000215545
ABM 2: informação rígida,desemprego,7,35,3.15334,0.877172,2.06981,0.82522,0.6,-0.56444,0.57616
ABM 2: informação rígida,pib,8,33,5.82427,0.968198,3.36492,1.00397,0.818182,-0.510016,0.61354
ABM 2: informação rígida,consumo,8,33,5.93062,0.942405,3.38798,0.962535,0.818182,-0.87146,0.389994
ABM 2: informação rígida,investimento,8,33,16.5035,0.998957,9.40836,1.03677,0.818182,-0.0211099,0.983289
ABM 2: informação rígida,governo,8,33,3.95337,1.04318,2.60796,1.05845,0.545455,3.28534,0.00247347
ABM 2: informação rígida,desemprego,8,33,3.46538,0.862667,2.33406,0.815752,0.575758,-0.637287,0.528471
ABM 2: atenção limitada,pib,1,47,1.17812,1.1498,0.737568,1.23248,0.93617,1.88837,0.0652927
ABM 2: atenção limitada,consumo,1,47,1.44285,1.33472,0.881597,1.36898,0.914894,2.75061,0.00847766
ABM 2: atenção limitada,investimento,1,47,5.59811,1.63821,3.36356,1.70943,0.744681,3.84957,0.000363602
ABM 2: atenção limitada,governo,1,47,1.07417,1.19355,0.634521,0.872345,0.893617,2.46548,0.0174741
ABM 2: atenção limitada,desemprego,1,47,0.550967,0.971677,0.336312,1.04634,0.893617,-0.317381,0.752391
ABM 2: atenção limitada,pib,2,45,2.02548,1.17149,1.18784,1.21456,0.911111,2.45057,0.0183082
ABM 2: atenção limitada,consumo,2,45,2.61325,1.4032,1.49352,1.4166,0.933333,2.95444,0.00501481
ABM 2: atenção limitada,investimento,2,45,8.93979,1.69735,5.35848,1.80316,0.8,4.43998,5.97444e-05
ABM 2: atenção limitada,governo,2,45,1.40618,1.0926,0.839219,0.812464,0.866667,2.31331,0.0254401
ABM 2: atenção limitada,desemprego,2,45,1.04927,0.95621,0.627862,0.961642,0.888889,-0.341306,0.734498
ABM 2: atenção limitada,pib,3,43,2.8536,1.17018,1.67349,1.23457,0.860465,2.27062,0.0283607
ABM 2: atenção limitada,consumo,3,43,3.48862,1.3291,1.98904,1.36486,0.930233,3.11392,0.00331982
ABM 2: atenção limitada,investimento,3,43,11.7583,1.6711,7.19378,1.84882,0.674419,4.64769,3.31302e-05
ABM 2: atenção limitada,governo,3,43,1.9384,1.10918,1.17416,0.893571,0.837209,4.10451,0.000182567
ABM 2: atenção limitada,desemprego,3,43,1.55177,0.950165,0.931555,0.918967,0.883721,-0.298847,0.76653
ABM 2: atenção limitada,pib,4,41,3.64559,1.1464,2.13836,1.2203,0.853659,2.04507,0.0474661
ABM 2: atenção limitada,consumo,4,41,4.4161,1.28789,2.50426,1.31926,0.853659,3.14181,0.00315634
ABM 2: atenção limitada,investimento,4,41,14.6559,1.61334,8.96857,1.77678,0.634146,4.70927,2.97571e-05
ABM 2: atenção limitada,governo,4,41,2.37087,1.06103,1.47012,0.927762,0.780488,1.91491,0.062674
ABM 2: atenção limitada,desemprego,4,41,2.06992,0.957429,1.27641,0.918808,0.780488,-0.218988,0.827773
ABM 2: atenção limitada,pib,5,39,4.48528,1.13202,2.61601,1.19964,0.820513,1.86577,0.0698071
ABM 2: atenção limitada,consumo,5,39,5.29703,1.25843,3.03623,1.30598,0.846154,2.59711,0.0132991
ABM 2: atenção limitada,investimento,5,39,16.9173,1.52416,10.6427,1.71966,0.589744,8.5228,2.38091e-10
ABM 2: atenção limitada,governo,5,39,2.76079,1.06848,1.75206,0.973623,0.717949,2.30456,0.0267496
ABM 2: atenção limitada,desemprego,5,39,2.53922,0.94869,1.60618,0.905955,0.74359,-0.250587,0.803483
ABM 2: atenção limitada,pib,6,37,5.28828,1.11571,3.08905,1.1798,0.810811,1.74221,0.0900107
ABM 2: atenção limitada,consumo,6,37,6.11868,1.22963,3.52874,1.27886,0.810811,4.32472,0.000115667
ABM 2: atenção limitada,investimento,6,37,19.0932,1.4713,11.7693,1.64877,0.702703,3.91451,0.000386626
ABM 2: atenção limitada,governo,6,37,3.14337,1.04404,2.01179,0.988949,0.621622,1.41671,0.165165
ABM 2: atenção limitada,desemprego,6,37,2.97391,0.939352,1.94932,0.905053,0.594595,-0.287385,0.775465
ABM 2: atenção limitada,pib,7,35,5.88613,1.08836,3.43424,1.14812,0.828571,1.67863,0.102394
ABM 2: atenção limitada,consumo,7,35,6.94641,1.22478,4.03094,1.27772,0.8,2.7027,0.0106557
ABM 2: atenção limitada,investimento,7,35,20.9867,1.41093,12.7615,1.56419,0.714286,5.24916,8.15697e-06
ABM 2: atenção limitada,governo,7,35,3.52798,1.05372,2.29163,1.02636,0.6,1.84667,0.0735144
ABM 2: atenção limitada,desemprego,7,35,3.32714,0.925519,2.25453,0.898865,0.514286,-0.357607,0.722848
ABM 2: atenção limitada,pib,8,33,6.53655,1.0866,3.85188,1.14926,0.818182,2.03199,0.0505262
ABM 2: atenção limitada,consumo,8,33,7.70961,1.2251,4.53879,1.28948,0.727273,2.62371,0.0132165
ABM 2: atenção limitada,investimento,8,33,23.0224,1.39355,13.7414,1.51426,0.727273,2.87417,0.00714206
ABM 2: atenção limitada,governo,8,33,3.95487,1.04357,2.58705,1.04997,0.606061,2.43688,0.0205562
ABM 2: atenção limitada,desemprego,8,33,3.66736,0.912947,2.51461,0.878853,0.515152,-0.427829,0.671641
