modelo,origem,rho_u,sigma_u,rho_z,sigma_z,rho_s,sigma_s,erro_pib,erro_consumo,erro_investimento,erro_governo,log_verossimilhanca,rho_sep,sigma_sep,rigidez,erro_desemprego
Equilíbrio geral,201304,0.060481,0.0112643,0.93845,0.0082097,0.988025,0.0256717,0.567699,0.903261,1.82359,0.467221,-550.768,,,,
Equilíbrio geral,201401,0.113885,0.010933,0.935825,0.00808807,0.988519,0.0259249,0.572572,0.884704,1.76762,0.472215,-556.897,,,,
Equilíbrio geral,201402,0.0845548,0.0112348,0.937979,0.00836867,0.988796,0.0255943,0.576239,0.881471,1.74339,0.412004,-564.805,,,,
Equilíbrio geral,201403,0.133068,0.010957,0.937053,0.00834522,0.988994,0.025648,0.57803,0.865159,1.69808,0.439568,-571.061,,,,
Equilíbrio geral,201404,0.178675,0.0106174,0.935963,0.00827839,0.989303,0.0257723,0.58121,0.850213,1.65012,0.455733,-577.17,,,,
Equilíbrio geral,201501,0.0871566,0.0113417,0.942585,0.00846154,0.989475,0.024912,0.550754,0.890107,1.74096,0.491485,-585.727,,,,
Equilíbrio geral,201502,0.119232,0.0116106,0.947257,0.00899726,0.990201,0.0247803,0.547147,0.88266,1.71504,0.495932,-595.932,,,,
Equilíbrio geral,201503,0.198891,0.0110947,0.950502,0.00931641,0.990335,0.0250815,0.548021,0.871513,1.67334,0.501302,-604.579,,,,
Equilíbrio geral,201504,0.408369,0.00858823,0.954359,0.00972151,0.989399,0.0255861,0.569178,0.828076,1.57341,0.734068,-612.465,,,,
Equilíbrio geral,201601,0.528475,0.00693046,0.959151,0.010103,0.989,0.0256495,0.593199,0.797687,1.46735,0.812983,-619.72,,,,
Equilíbrio geral,201602,0.421609,0.00853882,0.95522,0.00970279,0.989924,0.0254477,0.573423,0.819777,1.54176,0.684881,-626.796,,,,
Equilíbrio geral,201603,0.596508,0.00608723,0.960166,0.0102021,0.988503,0.025304,0.586201,0.78621,1.49498,0.860637,-634.98,,,,
Equilíbrio geral,201604,0.63215,0.00557089,0.961278,0.0102584,0.988141,0.0251013,0.585867,0.776517,1.47234,0.889228,-641.22,,,,
Equilíbrio geral,201701,0.62927,0.00543076,0.962001,0.0101377,0.988467,0.0248802,0.589188,0.771991,1.44122,0.90769,-646.455,,,,
Equilíbrio geral,201702,0.646367,0.00521101,0.962752,0.0100975,0.988503,0.024777,0.584423,0.769975,1.44482,0.894566,-652.805,,,,
Equilíbrio geral,201703,0.670052,0.00484914,0.963392,0.0101038,0.988294,0.0246449,0.584083,0.765299,1.42608,0.894781,-658.8,,,,
Equilíbrio geral,201704,0.657702,0.00502988,0.962769,0.00999731,0.988543,0.0245273,0.582602,0.75957,1.43059,0.883168,-665.019,,,,
Equilíbrio geral,201801,0.644101,0.00505291,0.963622,0.0098465,0.989032,0.0243679,0.581545,0.758549,1.40285,0.876645,-669.808,,,,
Equilíbrio geral,201802,0.645957,0.00503165,0.963741,0.00980482,0.989055,0.0242431,0.582424,0.751407,1.38765,0.869547,-675.764,,,,
Equilíbrio geral,201803,0.643206,0.00504496,0.962872,0.00974869,0.988942,0.0241377,0.577055,0.750794,1.42054,0.856092,-682.675,,,,
Equilíbrio geral,201804,0.64034,0.00510861,0.962921,0.00972278,0.989208,0.0239858,0.574557,0.74328,1.40366,0.875548,-688.87,,,,
Equilíbrio geral,201901,0.634638,0.00513482,0.963373,0.00958458,0.989563,0.0238728,0.574163,0.746096,1.36444,0.857301,-694.469,,,,
Equilíbrio geral,201902,0.610948,0.00549925,0.962095,0.00943714,0.989645,0.0238481,0.570012,0.74382,1.41376,0.818192,-701.629,,,,
Equilíbrio geral,201903,0.601484,0.00562131,0.961837,0.0093417,0.989664,0.0237744,0.570228,0.739602,1.44091,0.795479,-708.203,,,,
Equilíbrio geral,201904,0.601393,0.00571499,0.962566,0.00922584,0.99033,0.0235642,0.575679,0.727578,1.58325,0.813236,-718.28,,,,
Equilíbrio geral,202001,0.56792,0.00676655,0.964938,0.0088804,0.992512,0.023594,0.64541,0.671545,1.7347,0.744045,-733.623,,,,
Equilíbrio geral,202002,-0.351385,0.0162596,0.989521,0.0132264,-0.0427264,0.0095259,0.320407,1.05599,2.52667,0.919812,-780.95,,,,
Equilíbrio geral,202003,-0.311175,0.0162785,0.992068,0.0144584,-0.0324527,0.00918234,0.352162,1.03371,2.55894,1.00954,-798.244,,,,
Equilíbrio geral,202004,-0.290026,0.0166724,0.990882,0.0149067,-0.0882424,0.00881511,0.324594,1.03786,2.65173,0.981721,-809.941,,,,
Equilíbrio geral,202101,-0.287287,0.0163464,0.990857,0.0148879,-0.0861754,0.00879699,0.297561,1.04365,2.71615,0.982396,-818.063,,,,
Equilíbrio geral,202102,-0.288515,0.0162746,0.990854,0.01487,-0.0872929,0.00885935,0.296777,1.0409,2.7098,0.961947,-825.124,,,,
Equilíbrio geral,202103,-0.287958,0.0161551,0.990742,0.014807,-0.0779586,0.00883096,0.29883,1.04531,2.69322,0.972961,-832.343,,,,
Equilíbrio geral,202104,-0.286592,0.0161238,0.990765,0.0147352,-0.0757037,0.00877663,0.301679,1.03964,2.68206,0.968494,-838.815,,,,
Equilíbrio geral,202201,-0.291973,0.0159913,0.991175,0.0146633,-0.0712573,0.00883206,0.315524,1.02949,2.67502,0.931662,-845.198,,,,
Equilíbrio geral,202202,-0.291156,0.0159032,0.991204,0.0146335,-0.069959,0.00882568,0.310246,1.02884,2.66138,0.936203,-852.068,,,,
Equilíbrio geral,202203,-0.293583,0.0158557,0.991179,0.0145758,-0.0703095,0.00876383,0.307313,1.02372,2.657,0.931948,-858.492,,,,
Equilíbrio geral,202204,-0.298523,0.0157851,0.991215,0.0145207,-0.0698494,0.00871337,0.304827,1.0189,2.64983,0.932131,-865.01,,,,
Equilíbrio geral,202301,-0.295793,0.0158271,0.991624,0.014399,-0.0617049,0.00894876,0.342397,1.00758,2.68572,0.844359,-873.377,,,,
Equilíbrio geral,202302,-0.292693,0.0158399,0.991639,0.0143201,-0.0463209,0.00900061,0.339918,1.00372,2.6792,0.839446,-880.097,,,,
Equilíbrio geral,202303,-0.294637,0.0157802,0.991568,0.0142659,-0.0458501,0.00892101,0.332865,1.00307,2.67783,0.843007,-886.724,,,,
Equilíbrio geral,202304,-0.294654,0.0156821,0.991531,0.0142019,-0.0496151,0.00881069,0.333111,0.999766,2.66595,0.8579,-893.121,,,,
Equilíbrio geral,202401,-0.295558,0.0156917,0.991711,0.0141445,-0.0398695,0.00893797,0.345114,1.00224,2.65296,0.802983,-900.312,,,,
Equilíbrio geral,202402,-0.297092,0.0156308,0.991683,0.0141147,-0.0382629,0.0089019,0.346357,0.996962,2.63965,0.79848,-906.621,,,,
Equilíbrio geral,202403,-0.296833,0.0155588,0.991666,0.0140635,-0.03889,0.00885882,0.344626,0.993523,2.63052,0.795575,-912.849,,,,
Equilíbrio geral,202404,-0.295825,0.0154674,0.991647,0.0140068,-0.0414569,0.00883322,0.337934,0.994233,2.62404,0.805307,-919.596,,,,
Equilíbrio geral,202501,-0.298048,0.0154583,0.991647,0.0139552,-0.0366784,0.00881431,0.341192,0.991855,2.61033,0.784523,-925.892,,,,
Equilíbrio geral,202502,-0.301301,0.0153885,0.991666,0.0138972,-0.0347319,0.00879344,0.338792,0.987442,2.60595,0.7804,-932.15,,,,
Equilíbrio geral,202503,-0.30301,0.0153152,0.991696,0.0138508,-0.031897,0.0087773,0.338851,0.982412,2.59578,0.777388,-938.331,,,,
Equilíbrio geral,202504,-0.305173,0.0152572,0.991665,0.0137996,-0.0286928,0.00883147,0.338759,0.977908,2.6057,0.757416,-945.164,,,,
Equilíbrio geral,202601,-0.306764,0.0151876,0.991655,0.0137474,-0.0296164,0.00882751,0.337706,0.973805,2.59661,0.749317,-951.274,,,,
Equilíbrio geral,202602,-0.305878,0.0151261,0.991655,0.0136915,-0.0256625,0.00881209,0.334094,0.974674,2.58913,0.744875,-957.687,,,,
"Equilíbrio geral, tendência trimestral",201304,0.0941729,0.0110383,0.94061,0.00796657,0.988841,0.025876,0.591103,0.899033,1.71435,0.357587,-549.449,,,,
"Equilíbrio geral, tendência trimestral",201401,0.128986,0.0108008,0.938582,0.00787932,0.989251,0.0259789,0.59235,0.88416,1.66903,0.366554,-555.541,,,,
"Equilíbrio geral, tendência trimestral",201402,0.120324,0.0108988,0.941366,0.00810713,0.989522,0.0258458,0.601871,0.878427,1.61427,0.271064,-563.239,,,,
"Equilíbrio geral, tendência trimestral",201403,0.155506,0.0106435,0.941448,0.00809238,0.989698,0.0258381,0.602619,0.865008,1.56899,0.313119,-569.375,,,,
"Equilíbrio geral, tendência trimestral",201404,0.184924,0.0104206,0.940759,0.00802868,0.990001,0.0258526,0.603151,0.853547,1.52598,0.329837,-575.386,,,,
"Equilíbrio geral, tendência trimestral",201501,0.118778,0.010864,0.947407,0.00819441,0.989909,0.0252749,0.579545,0.889956,1.6211,0.308734,-583.785,,,,
"Equilíbrio geral, tendência trimestral",201502,0.170233,0.0109446,0.952479,0.00864055,0.990795,0.025343,0.584138,0.877334,1.55042,0.296814,-593.554,,,,
"Equilíbrio geral, tendência trimestral",201503,0.242489,0.0103931,0.956572,0.00893084,0.991125,0.0256091,0.586422,0.866413,1.48769,0.319329,-601.8,,,,
"Equilíbrio geral, tendência trimestral",201504,0.391852,0.00856129,0.960128,0.00927259,0.990765,0.0258304,0.5996,0.832081,1.38353,0.587946,-609.271,,,,
"Equilíbrio geral, tendência trimestral",201601,0.527079,0.00678133,0.964789,0.00968505,0.990487,0.0258988,0.622934,0.797133,1.23452,0.718489,-616.743,,,,
"Equilíbrio geral, tendência trimestral",201602,0.362673,0.00913305,0.959839,0.00911092,0.991721,0.0256285,0.597892,0.832475,1.38464,0.473032,-623.784,,,,
"Equilíbrio geral, tendência trimestral",201603,0.589206,0.00597877,0.966157,0.00976995,0.990179,0.0255792,0.618307,0.786651,1.24428,0.756555,-631.675,,,,
"Equilíbrio geral, tendência trimestral",201604,0.61866,0.00554457,0.96722,0.00980227,0.989933,0.0253956,0.61793,0.777526,1.2131,0.778756,-637.694,,,,
"Equilíbrio geral, tendência trimestral",201701,0.624131,0.00538615,0.967054,0.00979161,0.989821,0.0251464,0.616437,0.77056,1.22584,0.811887,-643.836,,,,
"Equilíbrio geral, tendência trimestral",201702,0.633733,0.00526262,0.967534,0.00975562,0.989849,0.0250285,0.610871,0.770369,1.23577,0.799219,-650.22,,,,
"Equilíbrio geral, tendência trimestral",201703,0.650707,0.00499863,0.967954,0.00974184,0.989702,0.024893,0.610695,0.765943,1.20584,0.798392,-656.074,,,,
"Equilíbrio geral, tendência trimestral",201704,0.637217,0.00522257,0.966995,0.00962638,0.990028,0.0247666,0.610828,0.758455,1.18872,0.793602,-662.238,,,,
"Equilíbrio geral, tendência trimestral",201801,0.637294,0.00514962,0.966909,0.00959593,0.989972,0.0245508,0.604439,0.75402,1.21394,0.811727,-668.018,,,,
"Equilíbrio geral, tendência trimestral",201802,0.640237,0.00512342,0.967037,0.00954123,0.990042,0.0244227,0.606583,0.745816,1.17924,0.807774,-673.84,,,,
"Equilíbrio geral, tendência trimestral",201803,0.643826,0.00505062,0.966045,0.00951448,0.989845,0.02429,0.602425,0.744692,1.205,0.802622,-680.806,,,,
"Equilíbrio geral, tendência trimestral",201804,0.642885,0.00508369,0.966297,0.00947785,0.990078,0.0241498,0.60109,0.737021,1.17417,0.816666,-686.776,,,,
"Equilíbrio geral, tendência trimestral",201901,0.64279,0.00507378,0.966064,0.00942289,0.990062,0.0239755,0.59484,0.738934,1.18672,0.822995,-693.121,,,,
"Equilíbrio geral, tendência trimestral",201902,0.62052,0.00542638,0.964588,0.00928,0.990158,0.0239401,0.591572,0.736385,1.23024,0.786648,-700.25,,,,
"Equilíbrio geral, tendência trimestral",201903,0.613232,0.00550234,0.964454,0.00918792,0.990161,0.0238516,0.591513,0.733041,1.25926,0.767577,-706.749,,,,
"Equilíbrio geral, tendência trimestral",201904,0.604619,0.00569638,0.96499,0.00906451,0.99077,0.0236759,0.595575,0.723198,1.4303,0.770957,-716.823,,,,
"Equilíbrio geral, tendência trimestral",202001,0.579283,0.00666721,0.966941,0.00877132,0.992916,0.0236553,0.660923,0.664683,1.58804,0.733834,-732.479,,,,
"Equilíbrio geral, tendência trimestral",202002,-0.35497,0.0158139,0.992274,0.0131621,-0.0251033,0.0098475,0.39113,1.03869,2.43735,0.783896,-779.661,,,,
"Equilíbrio geral, tendência trimestral",202003,-0.322241,0.0158878,0.993796,0.0144494,-0.0142851,0.00972135,0.410726,1.01468,2.504,0.836063,-796.725,,,,
"Equilíbrio geral, tendência trimestral",202004,-0.305171,0.0164523,0.992318,0.0149142,-0.061285,0.00947029,0.388438,1.01861,2.60593,0.768588,-808.458,,,,
"Equilíbrio geral, tendência trimestral",202101,-0.297128,0.0162006,0.991841,0.0148902,-0.0689043,0.00928167,0.345157,1.03118,2.69511,0.826018,-817.041,,,,
"Equilíbrio geral, tendência trimestral",202102,-0.295509,0.0161572,0.991988,0.0148636,-0.0696584,0.009313,0.347198,1.02767,2.6818,0.81064,-824.177,,,,
"Equilíbrio geral, tendência trimestral",202103,-0.294249,0.0160238,0.991912,0.0147994,-0.0599891,0.00924968,0.348094,1.03187,2.66171,0.84183,-831.474,,,,
"Equilíbrio geral, tendência trimestral",202104,-0.292713,0.0160035,0.991843,0.014729,-0.0571961,0.00917783,0.346867,1.02721,2.65306,0.846338,-837.997,,,,
"Equilíbrio geral, tendência trimestral",202201,-0.296975,0.0159468,0.991713,0.0146589,-0.0586292,0.00913622,0.341367,1.02256,2.66366,0.836939,-844.605,,,,
"Equilíbrio geral, tendência trimestral",202202,-0.297613,0.0158549,0.991682,0.0146298,-0.0568648,0.00915147,0.33608,1.02182,2.65244,0.833867,-851.337,,,,
"Equilíbrio geral, tendência trimestral",202203,-0.300533,0.0158096,0.991603,0.0145718,-0.058773,0.00908278,0.331438,1.0173,2.65017,0.832341,-857.793,,,,
"Equilíbrio geral, tendência trimestral",202204,-0.304923,0.0157454,0.991657,0.0145145,-0.0571136,0.00905077,0.33035,1.01212,2.64221,0.82654,-864.227,,,,
"Equilíbrio geral, tendência trimestral",202301,-0.303375,0.0158396,0.991692,0.0143887,-0.0487654,0.00930252,0.355095,1.00436,2.69196,0.731169,-872.632,,,,
"Equilíbrio geral, tendência trimestral",202302,-0.299951,0.0158587,0.991684,0.01431,-0.0332063,0.00934958,0.351718,1.0006,2.68564,0.732258,-879.45,,,,
"Equilíbrio geral, tendência trimestral",202303,-0.300679,0.0157908,0.991637,0.0142565,-0.0324531,0.00923623,0.344885,0.99969,2.6807,0.750084,-886.091,,,,
"Equilíbrio geral, tendência trimestral",202304,-0.300566,0.0156747,0.991598,0.0141971,-0.0387096,0.00906989,0.343919,0.996391,2.66746,0.783515,-892.541,,,,
"Equilíbrio geral, tendência trimestral",202401,-0.302273,0.0156859,0.991536,0.014137,-0.0317219,0.00916839,0.349486,1.00036,2.66175,0.736192,-899.676,,,,
"Equilíbrio geral, tendência trimestral",202402,-0.305105,0.0156262,0.991391,0.0141059,-0.0306996,0.00914293,0.347982,0.996221,2.65234,0.729138,-905.931,,,,
"Equilíbrio geral, tendência trimestral",202403,-0.304825,0.015558,0.99134,0.0140524,-0.0314941,0.00910209,0.345726,0.992873,2.64438,0.725555,-912.128,,,,
"Equilíbrio geral, tendência trimestral",202404,-0.303627,0.0154665,0.991374,0.0139962,-0.0335401,0.00908421,0.339987,0.993688,2.63727,0.731425,-918.875,,,,
"Equilíbrio geral, tendência trimestral",202501,-0.307166,0.015463,0.991163,0.0139437,-0.0303286,0.00906291,0.337459,0.9935,2.63011,0.713468,-925.176,,,,
"Equilíbrio geral, tendência trimestral",202502,-0.309856,0.0154005,0.991204,0.0138839,-0.0276079,0.00904985,0.336066,0.988781,2.62464,0.70635,-931.4,,,,
"Equilíbrio geral, tendência trimestral",202503,-0.311268,0.0153249,0.991283,0.0138402,-0.0244394,0.00902383,0.33689,0.983365,2.61298,0.70761,-937.653,,,,
"Equilíbrio geral, tendência trimestral",202504,-0.312589,0.0152732,0.991283,0.0137882,-0.0200847,0.00907556,0.337064,0.978783,2.62121,0.688484,-944.501,,,,
"Equilíbrio geral, tendência trimestral",202601,-0.314537,0.0152047,0.991226,0.0137357,-0.0205973,0.00907293,0.334808,0.975114,2.614,0.680389,-950.6,,,,
"Equilíbrio geral, tendência trimestral",202602,-0.313297,0.0151461,0.991232,0.0136806,-0.0180411,0.00904576,0.33043,0.976488,2.60718,0.676719,-957.043,,,,
Equilíbrio geral com busca,201304,-0.252672,0.00968032,0.956893,0.00775915,0.98252,0.0236277,0.565846,0.863213,1.62003,0.908549,-548.563,0.96025,0.122195,0.546546,0.000551515
Equilíbrio geral com busca,201401,-0.152595,0.0100945,0.955371,0.00742608,0.984999,0.0240626,0.547438,0.877121,1.72247,0.8271,-554.893,0.960355,0.0914304,0.602685,0.129451
Equilíbrio geral com busca,201402,-0.191789,0.0104167,0.958316,0.00800152,0.984919,0.0236766,0.53773,0.881927,1.7768,0.79402,-562.597,0.973581,0.0701534,0.563006,0.141855
Equilíbrio geral com busca,201403,-0.0181452,0.0108244,0.951914,0.00774157,0.987211,0.024455,0.533451,0.880215,1.7972,0.681024,-568.382,0.976521,0.0420488,0.542173,0.167441
Equilíbrio geral com busca,201404,0.0675488,0.0108136,0.947862,0.00764212,0.988298,0.0249489,0.535154,0.877425,1.80034,0.588787,-574.632,0.611204,0.0573697,0.492845,0.161372
Equilíbrio geral com busca,201501,0.000480716,0.0112094,0.954675,0.00782539,0.988282,0.0241124,0.498795,0.910812,1.87978,0.677192,-582.48,0.638703,0.0635839,0.507156,0.134894
Equilíbrio geral com busca,201502,-0.0774282,0.0115227,0.962754,0.00825436,0.988519,0.023071,0.462653,0.921362,1.9238,0.790248,-592.86,0.813768,0.0630823,0.604571,0.145766
Equilíbrio geral com busca,201503,-0.096125,0.0116228,0.965984,0.00857538,0.988578,0.022583,0.43581,0.932237,1.95015,0.833201,-600.773,0.837969,0.0646912,0.614418,0.129874
Equilíbrio geral com busca,201504,-0.119997,0.0116503,0.967306,0.00873913,0.988892,0.0219634,0.414339,0.933732,1.99203,0.920895,-607.798,0.835704,0.0643918,0.615258,0.118183
Equilíbrio geral com busca,201601,-0.175124,0.0113122,0.970161,0.00890592,0.988374,0.0214653,0.406062,0.929602,1.99968,0.965122,-615.829,0.905136,0.0656022,0.635014,0.125756
Equilíbrio geral com busca,201602,-0.125989,0.0110253,0.965026,0.00895696,0.987418,0.0217926,0.479352,0.876695,1.71224,0.947801,-624.576,0.960575,0.100527,0.496181,0.000809014
Equilíbrio geral com busca,201603,-0.179948,0.0110754,0.966747,0.00910781,0.987395,0.0210924,0.454778,0.881876,1.82291,1.00884,-631.989,0.959468,0.0945478,0.498413,0.00061204
Equilíbrio geral com busca,201604,-0.174749,0.0110401,0.966798,0.0090829,0.987512,0.0209136,0.450925,0.87475,1.81284,1.02398,-637.906,0.961074,0.0916315,0.485876,0.00047236
Equilíbrio geral com busca,201701,-0.192308,0.0101419,0.965212,0.00922015,0.987561,0.0210117,0.490335,0.845944,1.7119,1.04293,-643.746,0.967268,0.0900784,0.383214,0.000658419
Equilíbrio geral com busca,201702,-0.149604,0.0101567,0.964852,0.00884654,0.987802,0.0212471,0.512727,0.827522,1.61763,0.994335,-652.163,0.95479,0.106015,0.44854,0.0423516
Equilíbrio geral com busca,201703,-0.13505,0.010149,0.963998,0.00879347,0.987939,0.0212361,0.51632,0.820862,1.58758,0.975662,-657.973,0.955064,0.104665,0.428366,0.000612038
Equilíbrio geral com busca,201704,-0.146053,0.0100548,0.963934,0.00878852,0.987877,0.0210417,0.516636,0.811801,1.57776,0.981165,-663.715,0.957598,0.101353,0.417182,0.00047236
Equilíbrio geral com busca,201801,-0.15977,0.00949934,0.965059,0.00865447,0.987978,0.0210768,0.52538,0.80773,1.53627,0.960642,-668.646,0.955955,0.100429,0.416737,0.000658438
Equilíbrio geral com busca,201802,-0.147506,0.00959812,0.964899,0.00856514,0.988041,0.0210099,0.529475,0.79824,1.53487,0.93851,-675.047,0.957034,0.0949935,0.419012,0.0722941
Equilíbrio geral com busca,201803,-0.139332,0.00998183,0.964404,0.00829516,0.988296,0.0209111,0.508523,0.821226,1.65158,0.887556,-682.2,0.943451,0.0977536,0.452792,0.0182763
Equilíbrio geral com busca,201804,-0.136813,0.0100021,0.965293,0.00818427,0.988863,0.0208015,0.512706,0.804784,1.62338,0.896795,-688.751,0.945856,0.0912756,0.505897,0.0931888
Equilíbrio geral com busca,201901,-0.123427,0.00964406,0.96566,0.00803811,0.988984,0.020906,0.515154,0.81022,1.58842,0.866345,-693.793,0.945997,0.0890795,0.506323,0.0844608
Equilíbrio geral com busca,201902,-0.113385,0.00979743,0.965022,0.00786087,0.98885,0.0208919,0.509959,0.812236,1.65506,0.825949,-701.129,0.943549,0.0841451,0.528294,0.103954
Equilíbrio geral com busca,201903,-0.10083,0.00984029,0.964705,0.00776772,0.988828,0.0209017,0.51377,0.805957,1.65771,0.797061,-707.281,0.944617,0.082522,0.524671,0.0989419
Equilíbrio geral com busca,201904,-0.131809,0.00971323,0.966129,0.00781925,0.989002,0.0204987,0.508827,0.797343,1.81448,0.854729,-717.74,0.950309,0.0814962,0.507541,0.0954407
Equilíbrio geral com busca,202001,0.0503823,0.00990756,0.966074,0.007292,0.991415,0.021518,0.60401,0.738677,1.88006,0.692111,-732.833,0.9588,0.0771748,0.49991,0.107767
Equilíbrio geral com busca,202002,-0.1958,0.0162573,0.988564,0.0111001,0.959236,0.0135639,0.309128,1.05375,2.4207,1.33919,-784.323,0.916683,0.0811047,0.448704,0.00272174
Equilíbrio geral com busca,202003,-0.3614,0.0150302,0.986749,0.013749,-0.0699942,0.008738,0.483106,0.93422,2.20132,1.22145,-808.516,0.960158,0.097126,0.000331997,0.000531071
Equilíbrio geral com busca,202004,-0.322434,0.0154458,0.985593,0.0143159,-0.131319,0.00826842,0.380643,1.01175,2.48615,1.21726,-828.702,0.913683,0.114896,0.000331997,0.00110586
Equilíbrio geral com busca,202101,-0.322051,0.0150531,0.98559,0.0143093,-0.120472,0.0082345,0.348675,1.02416,2.55861,1.2266,-836.851,0.906495,0.112798,0.000331997,0.00144524
Equilíbrio geral com busca,202102,-0.326203,0.0149323,0.98541,0.0143263,-0.119935,0.00834122,0.348192,1.0198,2.55666,1.20985,-844.143,0.907784,0.110621,0.000331997,0.00149063
Equilíbrio geral com busca,202103,-0.321027,0.0149683,0.985329,0.0142417,-0.103795,0.00836683,0.361977,1.01755,2.53201,1.19888,-854.545,0.906584,0.118002,0.000331997,0.000531074
Equilíbrio geral com busca,202104,-0.318628,0.0149236,0.985148,0.0141774,-0.108291,0.00829328,0.36048,1.01063,2.5424,1.19334,-861.683,0.912343,0.11634,0.000331997,0.00105675
Equilíbrio geral com busca,202201,-0.323916,0.014839,0.985258,0.0141179,-0.110798,0.00828467,0.360313,1.00208,2.5717,1.16267,-869.286,0.91957,0.11365,0.000331997,0.00144521
Equilíbrio geral com busca,202202,-0.315403,0.0149338,0.985181,0.0140289,-0.114728,0.00821673,0.361866,0.999052,2.56053,1.14959,-877.223,0.925487,0.113905,0.000331997,0.000917628
Equilíbrio geral com busca,202203,-0.315792,0.0148397,0.985257,0.0139561,-0.119023,0.00817382,0.357794,0.998749,2.54732,1.14738,-883.982,0.923067,0.114155,0.000331997,0.000531066
Equilíbrio geral com busca,202204,-0.321717,0.0148013,0.98528,0.0139027,-0.116878,0.00812436,0.353563,0.994989,2.54916,1.14193,-890.756,0.924595,0.112502,0.000331997,0.0010731
Equilíbrio geral com busca,202301,-0.318798,0.0148025,0.985622,0.0137918,-0.115843,0.00829251,0.378426,0.984139,2.60656,1.08294,-899.556,0.926603,0.110484,0.000331997,0.0012026
Equilíbrio geral com busca,202302,-0.315008,0.0147985,0.985556,0.0137258,-0.103424,0.00828056,0.375605,0.978762,2.60244,1.09121,-906.583,0.929274,0.109192,0.000331997,0.000917629
Equilíbrio geral com busca,202303,-0.318155,0.0147501,0.985487,0.0136796,-0.105803,0.00818337,0.366204,0.980626,2.60915,1.09163,-913.532,0.929138,0.107989,0.000331997,0.000362719
Equilíbrio geral com busca,202304,-0.318322,0.0146604,0.985475,0.0136182,-0.108606,0.00809413,0.366393,0.978008,2.59638,1.09778,-919.994,0.929618,0.106928,0.000331997,0.0005515
Equilíbrio geral com busca,202401,-0.317256,0.0147059,0.985625,0.013538,-0.100494,0.00820367,0.382588,0.973765,2.58541,1.05363,-928.398,0.931795,0.108069,0.000331997,0.00110432
Equilíbrio geral com busca,202402,-0.317504,0.0146437,0.985614,0.0134932,-0.101403,0.00816643,0.383952,0.967158,2.57356,1.04834,-934.738,0.933797,0.107077,0.000331997,0.000335465
Equilíbrio geral com busca,202403,-0.318005,0.01457,0.985627,0.0134385,-0.101503,0.008127,0.382582,0.964253,2.56216,1.04514,-940.969,0.934634,0.10618,0.000331997,0.000362716
Equilíbrio geral com busca,202404,-0.317201,0.014487,0.985627,0.013379,-0.103733,0.00810531,0.380024,0.96164,2.55019,1.0506,-947.85,0.935815,0.105799,0.000331997,0.000551501
Equilíbrio geral com busca,202501,-0.31969,0.0144933,0.985688,0.0133226,-0.0990171,0.00808285,0.377334,0.964379,2.54119,1.03223,-955.126,0.934407,0.106402,0.000331997,0.00088609
Equilíbrio geral com busca,202502,-0.322327,0.0144789,0.985603,0.0132699,-0.0985897,0.00808883,0.379946,0.954243,2.53588,1.01612,-962.364,0.939178,0.106751,0.000331997,0.000335463
Equilíbrio geral com busca,202503,-0.323151,0.0143926,0.98562,0.0132295,-0.0945974,0.00807408,0.377894,0.951859,2.5232,1.01514,-968.876,0.938045,0.107178,0.000331997,0.000362712
Equilíbrio geral com busca,202504,-0.32541,0.0143245,0.985524,0.0131937,-0.0928676,0.00810122,0.376649,0.947039,2.53632,1.00337,-975.818,0.939622,0.10639,0.000331997,0.000335463
Equilíbrio geral com busca,202601,-0.327197,0.014247,0.985477,0.0131461,-0.0939216,0.00809582,0.375459,0.942585,2.52778,0.997219,-981.976,0.940238,0.105451,0.000331997,0.000444963
Equilíbrio geral com busca,202602,-0.326029,0.0141925,0.985497,0.0130948,-0.0904225,0.00807596,0.369685,0.945532,2.52274,0.99231,-988.697,0.939959,0.104951,0.000331997,0.000335464
"Equilíbrio geral com busca, tendência trimestral",201304,-0.252074,0.00902992,0.959404,0.00769283,0.98255,0.0237802,0.599414,0.847256,1.39406,0.856321,-546.739,0.963567,0.128069,0.530687,0.00092739
"Equilíbrio geral com busca, tendência trimestral",201401,-0.195802,0.00927354,0.958772,0.00740085,0.984255,0.0239676,0.583363,0.861329,1.49487,0.795546,-553.147,0.959598,0.115294,0.58821,0.0776967
"Equilíbrio geral com busca, tendência trimestral",201402,-0.237946,0.00916581,0.961051,0.00792669,0.983786,0.0237637,0.593439,0.850882,1.42706,0.770775,-560.589,0.968233,0.10874,0.533478,0.0555937
"Equilíbrio geral com busca, tendência trimestral",201403,-0.197921,0.00928643,0.962298,0.00795223,0.984335,0.0237271,0.577572,0.85444,1.50653,0.748835,-566.368,0.973243,0.0920108,0.543376,0.0898912
"Equilíbrio geral com busca, tendência trimestral",201404,-0.0295086,0.0101994,0.958352,0.00747543,0.987563,0.0244329,0.556065,0.878979,1.70043,0.57402,-572.835,0.977208,0.0456127,0.568618,0.182474
"Equilíbrio geral com busca, tendência trimestral",201501,-0.097333,0.0102164,0.964079,0.00774625,0.986685,0.0237863,0.530287,0.906005,1.76343,0.632779,-580.522,0.974804,0.0505861,0.56918,0.160799
"Equilíbrio geral com busca, tendência trimestral",201502,-0.100787,0.010392,0.968104,0.00803265,0.987167,0.023429,0.520181,0.902026,1.73667,0.667215,-590.197,0.962959,0.0623147,0.620261,0.15097
"Equilíbrio geral com busca, tendência trimestral",201503,-0.0665526,0.0104663,0.970186,0.00818134,0.987906,0.0234158,0.507157,0.909149,1.74555,0.655557,-597.717,0.95635,0.0630141,0.620967,0.138027
"Equilíbrio geral com busca, tendência trimestral",201504,-0.0283599,0.0105031,0.970486,0.00815598,0.988914,0.0233188,0.49521,0.910648,1.7859,0.69559,-604.362,0.942424,0.0607955,0.617249,0.12959
"Equilíbrio geral com busca, tendência trimestral",201601,-0.083417,0.0100548,0.973074,0.00834984,0.98807,0.0229135,0.501301,0.893739,1.72524,0.763765,-612.42,0.955016,0.075229,0.618912,0.116573
"Equilíbrio geral com busca, tendência trimestral",201602,-0.100042,0.00954094,0.96928,0.00858298,0.986912,0.0227546,0.547508,0.85525,1.39602,0.807988,-620.298,0.965999,0.104338,0.487288,0.00119212
"Equilíbrio geral com busca, tendência trimestral",201603,-0.137806,0.00949527,0.970739,0.00865449,0.986634,0.0223812,0.533894,0.858286,1.50799,0.828465,-627.27,0.965706,0.098089,0.486544,0.00069111
"Equilíbrio geral com busca, tendência trimestral",201604,-0.133029,0.00939886,0.97094,0.00860555,0.986711,0.0222387,0.531914,0.85066,1.4888,0.841263,-632.822,0.966476,0.0952922,0.477975,0.000973721
"Equilíbrio geral com busca, tendência trimestral",201701,-0.148124,0.0089801,0.969238,0.0087662,0.986924,0.0221085,0.54857,0.831642,1.444,0.879473,-639.787,0.968934,0.0935705,0.398209,0.000652668
"Equilíbrio geral com busca, tendência trimestral",201702,-0.126097,0.00904612,0.969647,0.00848708,0.986949,0.022116,0.566047,0.807427,1.34115,0.84463,-648.32,0.960068,0.104839,0.473446,0.0827423
"Equilíbrio geral com busca, tendência trimestral",201703,-0.111955,0.00908567,0.968644,0.00842353,0.987177,0.0220729,0.566024,0.808485,1.31948,0.820625,-654.025,0.957826,0.106953,0.440327,0.0325277
"Equilíbrio geral com busca, tendência trimestral",201704,-0.124976,0.00894659,0.968282,0.00842305,0.987148,0.0218793,0.566081,0.800788,1.29883,0.835037,-659.577,0.959617,0.104173,0.427424,0.0162859
"Equilíbrio geral com busca, tendência trimestral",201801,-0.127535,0.00890489,0.968403,0.00833375,0.987322,0.0217279,0.563729,0.796278,1.31797,0.835317,-665.933,0.958355,0.101268,0.44067,0.0468258
"Equilíbrio geral com busca, tendência trimestral",201802,-0.116298,0.00892554,0.968567,0.0082523,0.987333,0.0216618,0.569002,0.782882,1.30943,0.817855,-672.316,0.960793,0.0946325,0.445079,0.0962879
"Equilíbrio geral com busca, tendência trimestral",201803,-0.124026,0.00934237,0.968093,0.0080086,0.987312,0.0215163,0.546468,0.810697,1.47786,0.750329,-679.714,0.949135,0.0959238,0.47956,0.0727893
"Equilíbrio geral com busca, tendência trimestral",201804,-0.132748,0.00928301,0.968971,0.00794398,0.987453,0.021376,0.551268,0.79381,1.42958,0.762321,-685.827,0.952651,0.0901922,0.518537,0.109667
"Equilíbrio geral com busca, tendência trimestral",201901,-0.111598,0.00928307,0.968344,0.00783224,0.987879,0.021316,0.543521,0.801964,1.44654,0.759001,-691.922,0.951488,0.087885,0.517508,0.10021
"Equilíbrio geral com busca, tendência trimestral",201902,-0.111055,0.00938628,0.967845,0.00769217,0.987531,0.0212581,0.537936,0.803898,1.52279,0.718698,-699.301,0.95084,0.0824418,0.539112,0.11887
"Equilíbrio geral com busca, tendência trimestral",201903,-0.106933,0.00939885,0.967806,0.00761081,0.987415,0.0212149,0.540366,0.799186,1.52897,0.692108,-705.268,0.951351,0.0810435,0.536682,0.112777
"Equilíbrio geral com busca, tendência trimestral",201904,-0.153255,0.00923175,0.969486,0.00770422,0.986904,0.0208142,0.534726,0.792276,1.70797,0.742904,-715.755,0.95593,0.0803851,0.515662,0.108298
"Equilíbrio geral com busca, tendência trimestral",202001,0.0293119,0.00972934,0.969017,0.00717788,0.990381,0.0216174,0.61891,0.73674,1.79256,0.614511,-731.343,0.962972,0.0767272,0.506915,0.115798
"Equilíbrio geral com busca, tendência trimestral",202002,-0.149718,0.0157972,0.991468,0.0108066,0.963934,0.0151109,0.368224,1.04273,2.34705,1.21167,-782.751,0.920475,0.0809151,0.445981,0.00876274
"Equilíbrio geral com busca, tendência trimestral",202003,-0.367709,0.014728,0.988672,0.0136889,-0.0590349,0.00913617,0.52281,0.917004,2.09302,1.09812,-806.544,0.959317,0.0981911,0.000331997,0.000594403
"Equilíbrio geral com busca, tendência trimestral",202004,-0.330717,0.0153739,0.987245,0.0142822,-0.110873,0.00875887,0.425975,0.997755,2.42691,1.06589,-827.366,0.91113,0.115693,0.000331997,0.00190102
"Equilíbrio geral com busca, tendência trimestral",202101,-0.324268,0.0150429,0.98674,0.0142783,-0.107675,0.00857791,0.381655,1.01618,2.52785,1.11428,-835.877,0.903361,0.113405,0.000331997,0.000784439
"Equilíbrio geral com busca, tendência trimestral",202102,-0.326366,0.0149315,0.986711,0.0142898,-0.107026,0.00867388,0.382553,1.0112,2.52114,1.10151,-843.294,0.90512,0.11126,0.000331997,0.000687957
"Equilíbrio geral com busca, tendência trimestral",202103,-0.322303,0.0148993,0.986659,0.0142092,-0.0899315,0.00868546,0.394048,1.00948,2.49324,1.10653,-853.816,0.903641,0.118621,0.000331997,0.000335463
"Equilíbrio geral com busca, tendência trimestral",202104,-0.321421,0.014819,0.98635,0.0141552,-0.0935558,0.00860649,0.389639,1.00315,2.5092,1.11112,-861.035,0.910003,0.11686,0.000331997,0.000335463
"Equilíbrio geral com busca, tendência trimestral",202201,-0.327051,0.0147902,0.985857,0.0141104,-0.100585,0.0085151,0.376343,0.998457,2.56036,1.10232,-868.848,0.917915,0.114002,0.000331997,0.000337574
"Equilíbrio geral com busca, tendência trimestral",202202,-0.32079,0.0148569,0.985702,0.0140282,-0.104526,0.00845627,0.376912,0.995344,2.55118,1.08732,-876.663,0.924108,0.114263,0.000331997,0.000687713
"Equilíbrio geral com busca, tendência trimestral",202203,-0.322063,0.0147552,0.985701,0.0139615,-0.110305,0.0084026,0.371864,0.994845,2.53907,1.08923,-883.405,0.922013,0.114386,0.000331997,0.000335466
"Equilíbrio geral com busca, tendência trimestral",202204,-0.327542,0.0147176,0.985748,0.013906,-0.107156,0.00836526,0.3682,0.990838,2.54066,1.08058,-890.108,0.923435,0.112783,0.000331997,0.000335463
"Equilíbrio geral com busca, tendência trimestral",202301,-0.326441,0.0147633,0.985653,0.0138018,-0.105772,0.00854015,0.384475,0.982475,2.60898,1.02318,-898.867,0.925773,0.110658,0.000331997,0.000337573
"Equilíbrio geral com busca, tendência trimestral",202302,-0.322246,0.0147574,0.985554,0.0137357,-0.0941121,0.00850765,0.381055,0.976975,2.60461,1.04016,-905.997,0.928587,0.10935,0.000331997,0.000543154
"Equilíbrio geral com busca, tendência trimestral",202303,-0.324162,0.0147084,0.985531,0.0136894,-0.0965637,0.00838517,0.372384,0.978399,2.60774,1.04756,-912.935,0.928397,0.108171,0.000331997,0.000335765
"Equilíbrio geral com busca, tendência trimestral",202304,-0.324101,0.014613,0.985528,0.0136288,-0.101022,0.00826214,0.372543,0.975225,2.59458,1.06106,-919.428,0.929046,0.107051,0.000331997,0.000335465
"Equilíbrio geral com busca, tendência trimestral",202401,-0.324419,0.0146603,0.985402,0.0135518,-0.0942223,0.00835985,0.384433,0.971633,2.59021,1.02151,-927.761,0.93153,0.108143,0.000331997,0.000337569
"Equilíbrio geral com busca, tendência trimestral",202402,-0.326195,0.0145934,0.98525,0.0135096,-0.0955144,0.00833141,0.383816,0.965711,2.58122,1.01523,-934.033,0.933804,0.107089,0.000331997,0.000335463
"Equilíbrio geral com busca, tendência trimestral",202403,-0.32691,0.0145205,0.985221,0.0134551,-0.0954449,0.00829574,0.38221,0.962417,2.57064,1.01228,-940.223,0.934845,0.106143,0.000331997,0.000335764
"Equilíbrio geral com busca, tendência trimestral",202404,-0.325934,0.0144385,0.985272,0.0133959,-0.0976375,0.0082791,0.380278,0.960029,2.55829,1.01469,-947.11,0.936067,0.105723,0.000331997,0.000534789
"Equilíbrio geral com busca, tendência trimestral",202501,-0.329903,0.0144507,0.985081,0.0133423,-0.0936051,0.00825622,0.373153,0.96461,2.55523,0.99885,-954.397,0.934926,0.106269,0.000331997,0.00036996
"Equilíbrio geral com busca, tendência trimestral",202502,-0.33189,0.0144341,0.985024,0.0132876,-0.0930813,0.00826217,0.376309,0.954296,2.54885,0.982954,-961.636,0.939655,0.106672,0.000331997,0.000564435
"Equilíbrio geral com busca, tendência trimestral",202503,-0.332521,0.014347,0.985095,0.0132504,-0.0891088,0.0082379,0.375214,0.951405,2.53459,0.984519,-968.191,0.938556,0.107059,0.000331997,0.000368962
"Equilíbrio geral com busca, tendência trimestral",202504,-0.33399,0.0142804,0.985042,0.0132133,-0.0867825,0.00825972,0.374118,0.946587,2.54525,0.975197,-975.144,0.940037,0.106303,0.000331997,0.000534785
"Equilíbrio geral com busca, tendência trimestral",202601,-0.336307,0.0142015,0.984929,0.0131654,-0.0877362,0.0082533,0.371853,0.942453,2.53902,0.969658,-981.306,0.940827,0.10532,0.000331997,0.000369962
"Equilíbrio geral com busca, tendência trimestral",202602,-0.334881,0.0141444,0.984951,0.0131158,-0.0855826,0.00822153,0.365388,0.946031,2.53451,0.966353,-988.089,0.940595,0.104819,0.000331997,0.000335464
