origem,modelo,variavel,h,previsto,dp,alvo,efeito_lei,previsto_com_lei
202602,Equilíbrio geral,pib,1,0.470094,1.64369,202603,-0.00944772,0.460646
202602,Equilíbrio geral,consumo,1,0.487898,1.75368,202603,-0.0136553,0.474243
202602,Equilíbrio geral,investimento,1,0.231616,4.27474,202603,-0.00502458,0.226591
202602,Equilíbrio geral,governo,1,0.642334,2.02338,202603,0,0.642334
202602,Equilíbrio geral,pib,2,0.969342,2.25289,202604,-0.0187517,0.95059
202602,Equilíbrio geral,consumo,2,0.975668,2.49732,202604,-0.0271031,0.948565
202602,Equilíbrio geral,investimento,2,0.73145,5.6954,202604,-0.00997381,0.721476
202602,Equilíbrio geral,governo,2,1.17817,2.3969,202604,0,1.17817
202602,Equilíbrio geral,pib,3,1.45911,2.75942,202701,-0.0279141,1.4312
202602,Equilíbrio geral,consumo,3,1.46314,3.07966,202701,-0.0403464,1.42279
202602,Equilíbrio geral,investimento,3,1.19496,6.88227,202701,-0.0148488,1.18011
202602,Equilíbrio geral,governo,3,1.70066,2.77724,202701,0,1.70066
202602,Equilíbrio geral,pib,4,1.95164,3.18947,202702,-0.0369371,1.9147
202602,Equilíbrio geral,consumo,4,1.95039,3.58016,202702,-0.0533884,1.897
202602,Equilíbrio geral,investimento,4,1.66871,7.87761,202702,-0.0196507,1.64906
202602,Equilíbrio geral,governo,4,2.22842,3.09648,202702,0,2.22842
202602,Equilíbrio geral,pib,5,2.44319,3.57704,202703,-0.0458228,2.39737
202602,Equilíbrio geral,consumo,5,2.4374,4.02938,202703,-0.0662321,2.37117
202602,Equilíbrio geral,investimento,5,2.13966,8.76434,202703,-0.0243804,2.11528
202602,Equilíbrio geral,governo,5,2.75453,3.38988,202703,0,2.75453
202602,Equilíbrio geral,pib,6,2.93492,3.93282,202704,-0.0545733,2.88035
202602,Equilíbrio geral,consumo,6,2.92419,4.44282,202704,-0.0788804,2.84531
202602,Equilíbrio geral,investimento,6,2.61178,9.56784,202704,-0.0290392,2.58274
202602,Equilíbrio geral,governo,6,3.28114,3.65866,202704,0,3.28114
202602,Equilíbrio geral,pib,7,3.42647,4.26517,202801,-0.0631905,3.36328
202602,Equilíbrio geral,consumo,7,3.41076,4.8296,202801,-0.0913364,3.31942
202602,Equilíbrio geral,investimento,7,3.08385,10.3089,202801,-0.033628,3.05022
202602,Equilíbrio geral,governo,7,3.8076,3.90934,202801,0,3.8076
202602,Equilíbrio geral,pib,8,3.91797,4.57895,202802,-0.0716767,3.84629
202602,Equilíbrio geral,consumo,8,3.89714,5.19559,202802,-0.103603,3.79354
202602,Equilíbrio geral,investimento,8,3.55624,10.9997,202802,-0.0381478,3.51809
202602,Equilíbrio geral,governo,8,4.33411,4.14479,202802,0,4.33411
202602,"Equilíbrio geral, tendência trimestral",pib,1,0.510463,1.64288,202603,-0.00944772,0.501015
202602,"Equilíbrio geral, tendência trimestral",consumo,1,0.571949,1.74965,202603,-0.0136553,0.558294
202602,"Equilíbrio geral, tendência trimestral",investimento,1,0.285911,4.27204,202603,-0.00502458,0.280886
202602,"Equilíbrio geral, tendência trimestral",governo,1,0.501549,2.01111,202603,0,0.501549
202602,"Equilíbrio geral, tendência trimestral",pib,2,1.06383,2.24953,202604,-0.0187517,1.04508
202602,"Equilíbrio geral, tendência trimestral",consumo,2,1.14504,2.49157,202604,-0.0271031,1.11794
202602,"Equilíbrio geral, tendência trimestral",investimento,2,0.846999,5.69317,202604,-0.00997381,0.837025
202602,"Equilíbrio geral, tendência trimestral",governo,2,0.951605,2.3643,202604,0,0.951605
202602,"Equilíbrio geral, tendência trimestral",pib,3,1.60423,2.75529,202701,-0.0279141,1.57632
202602,"Equilíbrio geral, tendência trimestral",consumo,3,1.719,3.07259,202701,-0.0403464,1.67865
202602,"Equilíbrio geral, tendência trimestral",investimento,3,1.36013,6.88066,202701,-0.0148488,1.34528
202602,"Equilíbrio geral, tendência trimestral",governo,3,1.37863,2.7299,202701,0,1.37863
202602,"Equilíbrio geral, tendência trimestral",pib,4,2.14952,3.18424,202702,-0.0369371,2.11258
202602,"Equilíbrio geral, tendência trimestral",consumo,4,2.29389,3.57195,202702,-0.0533884,2.2405
202602,"Equilíbrio geral, tendência trimestral",investimento,4,1.88796,7.87574,202702,-0.0196507,1.86831
202602,"Equilíbrio geral, tendência trimestral",governo,4,1.81358,3.03603,202702,0,1.81358
202602,"Equilíbrio geral, tendência trimestral",pib,5,2.69407,3.57098,202703,-0.0458228,2.64825
202602,"Equilíbrio geral, tendência trimestral",consumo,5,2.86967,4.02013,202703,-0.0662321,2.80344
202602,"Equilíbrio geral, tendência trimestral",investimento,5,2.41155,8.76258,202703,-0.0243804,2.38717
202602,"Equilíbrio geral, tendência trimestral",governo,5,2.24604,3.31854,202703,0,2.24604
202602,"Equilíbrio geral, tendência trimestral",pib,6,3.23963,3.92592,202704,-0.0545733,3.18506
202602,"Equilíbrio geral, tendência trimestral",consumo,6,3.44633,4.43261,202704,-0.0788804,3.36745
202602,"Equilíbrio geral, tendência trimestral",investimento,6,2.93681,9.56606,202704,-0.0290392,2.90777
202602,"Equilíbrio geral, tendência trimestral",governo,6,2.67928,3.57749,202704,0,2.67928
202602,"Equilíbrio geral, tendência trimestral",pib,7,3.78564,4.25749,202801,-0.0631905,3.72245
202602,"Equilíbrio geral, tendência trimestral",consumo,7,4.02386,4.81847,202801,-0.0913364,3.93252
202602,"Equilíbrio geral, tendência trimestral",investimento,7,3.46188,10.3072,202801,-0.033628,3.42825
202602,"Equilíbrio geral, tendência trimestral",governo,7,3.11227,3.81932,202801,0,3.11227
202602,"Equilíbrio geral, tendência trimestral",pib,8,4.33227,4.57052,202802,-0.0716767,4.26059
202602,"Equilíbrio geral, tendência trimestral",consumo,8,4.60224,5.18358,202802,-0.103603,4.49864
202602,"Equilíbrio geral, tendência trimestral",investimento,8,3.98734,10.998,202802,-0.0381478,3.94919
202602,"Equilíbrio geral, tendência trimestral",governo,8,3.54534,4.0466,202802,0,3.54534
202602,ABM 1: crenças fixas,pib,1,0.574488,1.5808,202603,0,0.574488
202602,ABM 1: crenças fixas,consumo,1,0.547537,1.82167,202603,0,0.547537
202602,ABM 1: crenças fixas,investimento,1,0.714065,2.07385,202603,0,0.714065
202602,ABM 1: crenças fixas,governo,1,0.429895,2.08351,202603,0,0.429895
202602,ABM 1: crenças fixas,pib,2,1.13593,2.45174,202604,0,1.13593
202602,ABM 1: crenças fixas,consumo,2,1.09568,2.81537,202604,0,1.09568
202602,ABM 1: crenças fixas,investimento,2,1.38277,3.00908,202604,0,1.38277
202602,ABM 1: crenças fixas,governo,2,0.854727,2.7104,202604,0,0.854727
202602,ABM 1: crenças fixas,pib,3,1.69055,3.05127,202701,0,1.69055
202602,ABM 1: crenças fixas,consumo,3,1.6427,3.49512,202701,0,1.6427
202602,ABM 1: crenças fixas,investimento,3,2.0251,3.62893,202701,0,2.0251
202602,ABM 1: crenças fixas,governo,3,1.2819,3.296,202701,0,1.2819
202602,ABM 1: crenças fixas,pib,4,2.23996,3.50108,202702,0,2.23996
202602,ABM 1: crenças fixas,consumo,4,2.18706,4.01373,202702,0,2.18706
202602,ABM 1: crenças fixas,investimento,4,2.6598,4.16376,202702,0,2.6598
202602,ABM 1: crenças fixas,governo,4,1.70799,3.39746,202702,0,1.70799
202602,ABM 1: crenças fixas,pib,5,2.7933,3.90759,202703,0,2.7933
202602,ABM 1: crenças fixas,consumo,5,2.73022,4.46246,202703,0,2.73022
202602,ABM 1: crenças fixas,investimento,5,3.29429,4.87532,202703,0,3.29429
202602,ABM 1: crenças fixas,governo,5,2.13458,3.90705,202703,0,2.13458
202602,ABM 1: crenças fixas,pib,6,3.3485,4.35346,202704,0,3.3485
202602,ABM 1: crenças fixas,consumo,6,3.27613,4.96944,202704,0,3.27613
202602,ABM 1: crenças fixas,investimento,6,3.94977,5.35697,202704,0,3.94977
202602,ABM 1: crenças fixas,governo,6,2.56094,3.96394,202704,0,2.56094
202602,ABM 1: crenças fixas,pib,7,3.89368,4.60264,202801,0,3.89368
202602,ABM 1: crenças fixas,consumo,7,3.81632,5.23677,202801,0,3.81632
202602,ABM 1: crenças fixas,investimento,7,4.56836,5.67278,202801,0,4.56836
202602,ABM 1: crenças fixas,governo,7,2.9874,4.43983,202801,0,2.9874
202602,ABM 1: crenças fixas,pib,8,4.43631,4.76718,202802,0,4.43631
202602,ABM 1: crenças fixas,consumo,8,4.35276,5.40904,202802,0,4.35276
202602,ABM 1: crenças fixas,investimento,8,5.1833,6.19951,202802,0,5.1833
202602,ABM 1: crenças fixas,governo,8,3.41382,4.40153,202802,0,3.41382
202602,ABM 1: aprendizado,pib,1,0.443412,1.5839,202603,0,0.443412
202602,ABM 1: aprendizado,consumo,1,0.529862,1.95436,202603,0,0.529862
202602,ABM 1: aprendizado,investimento,1,0.123598,2.01512,202603,0,0.123598
202602,ABM 1: aprendizado,governo,1,0.429895,2.08352,202603,0,0.429895
202602,ABM 1: aprendizado,pib,2,0.863134,2.4567,202604,0,0.863134
202602,ABM 1: aprendizado,consumo,2,1.0434,3.00777,202604,0,1.0434
202602,ABM 1: aprendizado,investimento,2,0.190648,2.80865,202604,0,0.190648
202602,ABM 1: aprendizado,governo,2,0.854727,2.71038,202604,0,0.854727
202602,ABM 1: aprendizado,pib,3,1.27342,3.05464,202701,0,1.27342
202602,ABM 1: aprendizado,consumo,3,1.55048,3.7069,202701,0,1.55048
202602,ABM 1: aprendizado,investimento,3,0.227812,3.4042,202701,0,0.227812
202602,ABM 1: aprendizado,governo,3,1.2819,3.29599,202701,0,1.2819
202602,ABM 1: aprendizado,pib,4,1.67654,3.49955,202702,0,1.67654
202602,ABM 1: aprendizado,consumo,4,2.05007,4.22312,202702,0,2.05007
202602,ABM 1: aprendizado,investimento,4,0.264834,3.89742,202702,0,0.264834
202602,ABM 1: aprendizado,governo,4,1.70799,3.39746,202702,0,1.70799
202602,ABM 1: aprendizado,pib,5,2.08175,3.9,202703,0,2.08175
202602,ABM 1: aprendizado,consumo,5,2.54386,4.66053,202703,0,2.54386
202602,ABM 1: aprendizado,investimento,5,0.304704,4.73482,202703,0,0.304704
202602,ABM 1: aprendizado,governo,5,2.13458,3.90706,202703,0,2.13458
202602,ABM 1: aprendizado,pib,6,2.48709,4.33941,202704,0,2.48709
202602,ABM 1: aprendizado,consumo,6,3.03479,5.15668,202704,0,3.03479
202602,ABM 1: aprendizado,investimento,6,0.382924,5.17371,202704,0,0.382924
202602,ABM 1: aprendizado,governo,6,2.56094,3.96393,202704,0,2.56094
202602,ABM 1: aprendizado,pib,7,2.88079,4.58163,202801,0,2.88079
202602,ABM 1: aprendizado,consumo,7,3.51725,5.38947,202801,0,3.51725
202602,ABM 1: aprendizado,investimento,7,0.411271,5.63268,202801,0,0.411271
202602,ABM 1: aprendizado,governo,7,2.9874,4.43984,202801,0,2.9874
202602,ABM 1: aprendizado,pib,8,3.2704,4.73803,202802,0,3.2704
202602,ABM 1: aprendizado,consumo,8,3.99233,5.51511,202802,0,3.99233
202602,ABM 1: aprendizado,investimento,8,0.44376,6.34581,202802,0,0.44376
202602,ABM 1: aprendizado,governo,8,3.41382,4.40157,202802,0,3.41382
202602,ABM 1: heurísticas,pib,1,0.442828,1.49406,202603,0,0.442828
202602,ABM 1: heurísticas,consumo,1,0.616923,1.17346,202603,0,0.616923
202602,ABM 1: heurísticas,investimento,1,-0.143905,3.42296,202603,0,-0.143905
202602,ABM 1: heurísticas,governo,1,0.429895,2.25493,202603,0,0.429895
202602,ABM 1: heurísticas,pib,2,0.946859,2.3476,202604,0,0.946859
202602,ABM 1: heurísticas,consumo,2,1.32669,1.80417,202604,0,1.32669
202602,ABM 1: heurísticas,investimento,2,-0.300672,5.9887,202604,0,-0.300672
202602,ABM 1: heurísticas,governo,2,0.854727,2.43407,202604,0,0.854727
202602,ABM 1: heurísticas,pib,3,1.48302,2.85487,202701,0,1.48302
202602,ABM 1: heurísticas,consumo,3,2.11274,2.15603,202701,0,2.11274
202602,ABM 1: heurísticas,investimento,3,-0.558573,7.63546,202701,0,-0.558573
202602,ABM 1: heurísticas,governo,3,1.2819,3.0253,202701,0,1.2819
202602,ABM 1: heurísticas,pib,4,2.01093,3.31495,202702,0,2.01093
202602,ABM 1: heurísticas,consumo,4,2.69898,2.4165,202702,0,2.69898
202602,ABM 1: heurísticas,investimento,4,-0.194181,8.98198,202702,0,-0.194181
202602,ABM 1: heurísticas,governo,4,1.70799,3.14714,202702,0,1.70799
202602,ABM 1: heurísticas,pib,5,2.53667,3.78989,202703,0,2.53667
202602,ABM 1: heurísticas,consumo,5,3.36752,2.69847,202703,0,3.36752
202602,ABM 1: heurísticas,investimento,5,-0.182971,10.9156,202703,0,-0.182971
202602,ABM 1: heurísticas,governo,5,2.13458,3.5003,202703,0,2.13458
202602,ABM 1: heurísticas,pib,6,3.07374,4.32516,202704,0,3.07374
202602,ABM 1: heurísticas,consumo,6,3.88504,3.15683,202704,0,3.88504
202602,ABM 1: heurísticas,investimento,6,0.428341,12.1427,202704,0,0.428341
202602,ABM 1: heurísticas,governo,6,2.56094,3.95946,202704,0,2.56094
202602,ABM 1: heurísticas,pib,7,3.60144,4.65543,202801,0,3.60144
202602,ABM 1: heurísticas,consumo,7,4.34333,3.28548,202801,0,4.34333
202602,ABM 1: heurísticas,investimento,7,1.14634,13.4065,202801,0,1.14634
202602,ABM 1: heurísticas,governo,7,2.9874,4.53124,202801,0,2.9874
202602,ABM 1: heurísticas,pib,8,4.13101,5.14241,202802,0,4.13101
202602,ABM 1: heurísticas,consumo,8,4.90053,3.4583,202802,0,4.90053
202602,ABM 1: heurísticas,investimento,8,1.55413,14.892,202802,0,1.55413
202602,ABM 1: heurísticas,governo,8,3.41382,4.82549,202802,0,3.41382
202602,ABM 1: informação rígida,pib,1,0.436627,1.50619,202603,0,0.436627
202602,ABM 1: informação rígida,consumo,1,0.543216,1.87381,202603,0,0.543216
202602,ABM 1: informação rígida,investimento,1,0.0457391,1.89835,202603,0,0.0457391
202602,ABM 1: informação rígida,governo,1,0.429895,2.25465,202603,0,0.429895
202602,ABM 1: informação rígida,pib,2,0.842892,2.35441,202604,0,0.842892
202602,ABM 1: informação rígida,consumo,2,1.07831,2.9193,202604,0,1.07831
202602,ABM 1: informação rígida,investimento,2,-0.0181765,2.66929,202604,0,-0.0181765
202602,ABM 1: informação rígida,governo,2,0.854727,2.43296,202604,0,0.854727
202602,ABM 1: informação rígida,pib,3,1.25965,2.84819,202701,0,1.25965
202602,ABM 1: informação rígida,consumo,3,1.60518,3.50167,202701,0,1.60518
202602,ABM 1: informação rígida,investimento,3,-0.0131036,3.33133,202701,0,-0.0131036
202602,ABM 1: informação rígida,governo,3,1.2819,3.02323,202701,0,1.2819
202602,ABM 1: informação rígida,pib,4,1.65617,3.28217,202702,0,1.65617
202602,ABM 1: informação rígida,consumo,4,2.12407,4.02704,202702,0,2.12407
202602,ABM 1: informação rígida,investimento,4,-0.0694248,3.6076,202702,0,-0.0694248
202602,ABM 1: informação rígida,governo,4,1.70799,3.1476,202702,0,1.70799
202602,ABM 1: informação rígida,pib,5,2.04865,3.71786,202703,0,2.04865
202602,ABM 1: informação rígida,consumo,5,2.63755,4.53498,202703,0,2.63755
202602,ABM 1: informação rígida,investimento,5,-0.162821,4.53853,202703,0,-0.162821
202602,ABM 1: informação rígida,governo,5,2.13458,3.4964,202703,0,2.13458
202602,ABM 1: informação rígida,pib,6,2.4539,4.21206,202704,0,2.4539
202602,ABM 1: informação rígida,consumo,6,3.14919,5.10875,202704,0,3.14919
202602,ABM 1: informação rígida,investimento,6,-0.163613,4.84962,202704,0,-0.163613
202602,ABM 1: informação rígida,governo,6,2.56094,3.95976,202704,0,2.56094
202602,ABM 1: informação rígida,pib,7,2.84279,4.49976,202801,0,2.84279
202602,ABM 1: informação rígida,consumo,7,3.64826,5.43384,202801,0,3.64826
202602,ABM 1: informação rígida,investimento,7,-0.225874,5.30772,202801,0,-0.225874
202602,ABM 1: informação rígida,governo,7,2.9874,4.53059,202801,0,2.9874
202602,ABM 1: informação rígida,pib,8,3.2278,4.93693,202802,0,3.2278
202602,ABM 1: informação rígida,consumo,8,4.14691,5.94443,202802,0,4.14691
202602,ABM 1: informação rígida,investimento,8,-0.290591,5.57364,202802,0,-0.290591
202602,ABM 1: informação rígida,governo,8,3.41382,4.8282,202802,0,3.41382
202602,ABM 1: atenção limitada,pib,1,0.559378,1.57926,202603,0,0.559378
202602,ABM 1: atenção limitada,consumo,1,0.535337,0.797112,202603,0,0.535337
202602,ABM 1: atenção limitada,investimento,1,0.646922,5.09231,202603,0,0.646922
202602,ABM 1: atenção limitada,governo,1,0.429895,2.0842,202603,0,0.429895
202602,ABM 1: atenção limitada,pib,2,1.10724,2.44955,202604,0,1.10724
202602,ABM 1: atenção limitada,consumo,2,1.08777,1.26109,202604,0,1.08777
202602,ABM 1: atenção limitada,investimento,2,1.1761,7.69003,202604,0,1.1761
202602,ABM 1: atenção limitada,governo,2,0.854727,2.70938,202604,0,0.854727
202602,ABM 1: atenção limitada,pib,3,1.64948,3.0628,202701,0,1.64948
202602,ABM 1: atenção limitada,consumo,3,1.64882,1.64228,202701,0,1.64882
202602,ABM 1: atenção limitada,investimento,3,1.67119,9.28295,202701,0,1.67119
202602,ABM 1: atenção limitada,governo,3,1.2819,3.29531,202701,0,1.2819
202602,ABM 1: atenção limitada,pib,4,2.18729,3.54118,202702,0,2.18729
202602,ABM 1: atenção limitada,consumo,4,2.21442,1.9863,202702,0,2.21442
202602,ABM 1: atenção limitada,investimento,4,2.14042,10.5816,202702,0,2.14042
202602,ABM 1: atenção limitada,governo,4,1.70799,3.39713,202702,0,1.70799
202602,ABM 1: atenção limitada,pib,5,2.72954,3.98304,202703,0,2.72954
202602,ABM 1: atenção limitada,consumo,5,2.77616,2.30156,202703,0,2.77616
202602,ABM 1: atenção limitada,investimento,5,2.61284,11.931,202703,0,2.61284
202602,ABM 1: atenção limitada,governo,5,2.13458,3.90827,202703,0,2.13458
202602,ABM 1: atenção limitada,pib,6,3.27421,4.46824,202704,0,3.27421
202602,ABM 1: atenção limitada,consumo,6,3.33046,2.63495,202704,0,3.33046
202602,ABM 1: atenção limitada,investimento,6,3.13889,13.1948,202704,0,3.13889
202602,ABM 1: atenção limitada,governo,6,2.56094,3.96359,202704,0,2.56094
202602,ABM 1: atenção limitada,pib,7,3.80985,4.76067,202801,0,3.80985
202602,ABM 1: atenção limitada,consumo,7,3.90076,2.89898,202801,0,3.90076
202602,ABM 1: atenção limitada,investimento,7,3.61162,13.7213,202801,0,3.61162
202602,ABM 1: atenção limitada,governo,7,2.9874,4.44069,202801,0,2.9874
202602,ABM 1: atenção limitada,pib,8,4.34302,4.97648,202802,0,4.34302
202602,ABM 1: atenção limitada,consumo,8,4.46548,3.12112,202802,0,4.46548
202602,ABM 1: atenção limitada,investimento,8,4.05631,14.5173,202802,0,4.05631
202602,ABM 1: atenção limitada,governo,8,3.41382,4.4037,202802,0,3.41382
202602,VAR(1),pib,1,0.61852,1.59201,202603,0,0.61852
202602,VAR(1),consumo,1,0.698063,1.6709,202603,0,0.698063
202602,VAR(1),investimento,1,0.316771,3.7962,202603,0,0.316771
202602,VAR(1),governo,1,0.215595,2.15617,202603,0,0.215595
202602,VAR(1),pib,2,1.23096,2.33951,202604,0,1.23096
202602,VAR(1),consumo,2,1.37128,2.48139,202604,0,1.37128
202602,VAR(1),investimento,2,0.986937,6.0799,202604,0,0.986937
202602,VAR(1),governo,2,0.777274,2.46688,202604,0,0.777274
202602,VAR(1),pib,3,1.77956,2.86152,202701,0,1.77956
202602,VAR(1),consumo,3,1.95856,2.95586,202701,0,1.95856
202602,VAR(1),investimento,3,1.50218,7.63617,202701,0,1.50218
202602,VAR(1),governo,3,1.13926,2.95434,202701,0,1.13926
202602,VAR(1),pib,4,2.35082,3.30642,202702,0,2.35082
202602,VAR(1),consumo,4,2.56159,3.38021,202702,0,2.56159
202602,VAR(1),investimento,4,2.00552,8.91431,202702,0,2.00552
202602,VAR(1),governo,4,1.58931,3.27179,202702,0,1.58931
202602,VAR(1),pib,5,2.91777,3.70215,202703,0,2.91777
202602,VAR(1),consumo,5,3.1736,3.76302,202703,0,3.1736
202602,VAR(1),investimento,5,2.5251,10.0421,202703,0,2.5251
202602,VAR(1),governo,5,2.003,3.60569,202703,0,2.003
202602,VAR(1),pib,6,3.4857,4.05762,202704,0,3.4857
202602,VAR(1),consumo,6,3.77966,4.1075,202704,0,3.77966
202602,VAR(1),investimento,6,3.04175,11.0539,202704,0,3.04175
202602,VAR(1),governo,6,2.43367,3.89079,202704,0,2.43367
202602,VAR(1),pib,7,4.05275,4.38475,202801,0,4.05275
202602,VAR(1),consumo,7,4.38735,4.42541,202801,0,4.38735
202602,VAR(1),investimento,7,3.5574,11.98,202801,0,3.5574
202602,VAR(1),governo,7,2.85565,4.16544,202801,0,2.85565
202602,VAR(1),pib,8,4.62044,4.68906,202802,0,4.62044
202602,VAR(1),consumo,8,4.99473,4.72216,202802,0,4.99473
202602,VAR(1),investimento,8,4.07364,12.8397,202802,0,4.07364
202602,VAR(1),governo,8,3.28202,4.41896,202802,0,3.28202
202602,Média,pib,1,0.570434,1.58974,202603,0,0.570434
202602,Média,consumo,1,0.615894,1.76067,202603,0,0.615894
202602,Média,investimento,1,0.528677,4.02008,202603,0,0.528677
202602,Média,governo,1,0.433051,2.40631,202603,0,0.433051
202602,Média,desemprego,1,-0.0375337,0.582589,202603,0,-0.0375337
202602,Média,pib,2,1.14087,2.24823,202604,0,1.14087
202602,Média,consumo,2,1.23179,2.48996,202604,0,1.23179
202602,Média,investimento,2,1.05735,5.68526,202604,0,1.05735
202602,Média,governo,2,0.866101,3.40303,202604,0,0.866101
202602,Média,desemprego,2,-0.0750675,0.823905,202604,0,-0.0750675
202602,Média,pib,3,1.7113,2.75351,202701,0,1.7113
202602,Média,consumo,3,1.84768,3.04957,202701,0,1.84768
202602,Média,investimento,3,1.58603,6.96299,202701,0,1.58603
202602,Média,governo,3,1.29915,4.16785,202701,0,1.29915
202602,Média,desemprego,3,-0.112601,1.00907,202701,0,-0.112601
202602,Média,pib,4,2.28174,3.17948,202702,0,2.28174
202602,Média,consumo,4,2.46358,3.52134,202702,0,2.46358
202602,Média,investimento,4,2.11471,8.04017,202702,0,2.11471
202602,Média,governo,4,1.7322,4.81261,202702,0,1.7322
202602,Média,desemprego,4,-0.150135,1.16518,202702,0,-0.150135
202602,Média,pib,5,2.85217,3.55476,202703,0,2.85217
202602,Média,consumo,5,3.07947,3.93697,202703,0,3.07947
202602,Média,investimento,5,2.64339,8.98918,202703,0,2.64339
202602,Média,governo,5,2.16525,5.38067,202703,0,2.16525
202602,Média,desemprego,5,-0.187669,1.30271,202703,0,-0.187669
202602,Média,pib,6,3.42261,3.89405,202704,0,3.42261
202602,Média,consumo,6,3.69536,4.31274,202704,0,3.69536
202602,Média,investimento,6,3.17206,9.84716,202704,0,3.17206
202602,Média,governo,6,2.5983,5.89423,202704,0,2.5983
202602,Média,desemprego,6,-0.225202,1.42705,202704,0,-0.225202
202602,Média,pib,7,3.99304,4.20605,202801,0,3.99304
202602,Média,consumo,7,4.31126,4.65829,202801,0,4.31126
202602,Média,investimento,7,3.70074,10.6361,202801,0,3.70074
202602,Média,governo,7,3.03135,6.36649,202801,0,3.03135
202602,Média,desemprego,7,-0.262736,1.54139,202801,0,-0.262736
202602,Média,pib,8,4.56348,4.49646,202802,0,4.56348
202602,Média,consumo,8,4.92715,4.97992,202802,0,4.92715
202602,Média,investimento,8,4.22942,11.3705,202802,0,4.22942
202602,Média,governo,8,3.4644,6.80607,202802,0,3.4644
202602,Média,desemprego,8,-0.30027,1.64781,202802,0,-0.30027
202602,AR(1),pib,1,0.560844,1.60022,202603,0,0.560844
202602,AR(1),consumo,1,0.607919,1.77054,202603,0,0.607919
202602,AR(1),investimento,1,0.62503,3.9984,202603,0,0.62503
202602,AR(1),governo,1,0.429895,2.14929,202603,0,0.429895
202602,AR(1),desemprego,1,-0.174314,0.447389,202603,0,-0.174314
202602,AR(1),pib,2,1.12561,2.31889,202604,0,1.12561
202602,AR(1),consumo,2,1.2119,2.49925,202604,0,1.2119
202602,AR(1),investimento,2,1.15868,6.12987,202604,0,1.15868
202602,AR(1),governo,2,0.854727,2.4405,202604,0,0.854727
202602,AR(1),desemprego,2,-0.305846,0.865897,202604,0,-0.305846
202602,AR(1),pib,3,1.69057,2.86471,202701,0,1.69057
202602,AR(1),consumo,3,1.8159,3.05905,202701,0,1.8159
202602,AR(1),investimento,3,1.67752,7.75566,202701,0,1.67752
202602,AR(1),governo,3,1.2819,2.92651,202701,0,1.2819
202602,AR(1),desemprego,3,-0.409267,1.27402,202701,0,-0.409267
202602,AR(1),pib,4,2.25554,3.32212,202702,0,2.25554
202602,AR(1),consumo,4,2.4199,3.53119,202702,0,2.4199
202602,AR(1),investimento,4,2.19396,9.10423,202702,0,2.19396
202602,AR(1),governo,4,1.70799,3.24543,202702,0,1.70799
202602,AR(1),desemprego,4,-0.494215,1.65826,202702,0,-0.494215
202602,AR(1),pib,5,2.82051,3.72377,202703,0,2.82051
202602,AR(1),consumo,5,3.0239,3.94725,202703,0,3.0239
202602,AR(1),investimento,5,2.71002,10.2786,202703,0,2.71002
202602,AR(1),governo,5,2.13458,3.57572,202703,0,2.13458
202602,AR(1),desemprego,5,-0.567025,2.01508,202703,0,-0.567025
202602,AR(1),pib,6,3.38548,4.08612,202704,0,3.38548
202602,AR(1),consumo,6,3.6279,4.32346,202704,0,3.6279
202602,AR(1),investimento,6,3.22601,11.3321,202704,0,3.22601
202602,AR(1),governo,6,2.56094,3.86068,202704,0,2.56094
202602,AR(1),desemprego,6,-0.631859,2.34516,202704,0,-0.631859
202602,AR(1),pib,7,3.95044,4.41886,202801,0,3.95044
202602,AR(1),consumo,7,4.2319,4.66946,202801,0,4.2319
202602,AR(1),investimento,7,3.74199,12.2957,202801,0,3.74199
202602,AR(1),governo,7,2.9874,4.13343,202801,0,2.9874
202602,AR(1),desemprego,7,-0.691453,2.65079,202801,0,-0.691453
202602,AR(1),pib,8,4.51541,4.72825,202802,0,4.51541
202602,AR(1),consumo,8,4.8359,4.99153,202802,0,4.8359
202602,AR(1),investimento,8,4.25797,13.1891,202802,0,4.25797
202602,AR(1),governo,8,3.41382,4.38602,202802,0,3.41382
202602,AR(1),desemprego,8,-0.747603,2.93473,202802,0,-0.747603
202602,Equilíbrio geral com busca,pib,1,0.583242,1.60263,202603,-0.00944772,0.573794
202602,Equilíbrio geral com busca,consumo,1,0.493085,1.68093,202603,-0.0136553,0.47943
202602,Equilíbrio geral com busca,investimento,1,0.834629,4.26747,202603,-0.00502458,0.829604
202602,Equilíbrio geral com busca,governo,1,0.6328,2.03854,202603,0,0.6328
202602,Equilíbrio geral com busca,desemprego,1,-0.0696635,0.430246,202603,0,-0.0696635
202602,Equilíbrio geral com busca,pib,2,1.11267,2.2254,202604,-0.0187517,1.09392
202602,Equilíbrio geral com busca,consumo,2,0.985237,2.39352,202604,-0.0271031,0.958134
202602,Equilíbrio geral com busca,investimento,2,1.49854,5.80204,202604,-0.00997381,1.48857
202602,Equilíbrio geral com busca,governo,2,1.15326,2.44478,202604,0,1.15326
202602,Equilíbrio geral com busca,desemprego,2,-0.0360073,0.805796,202604,0,-0.0360073
202602,Equilíbrio geral com busca,pib,3,1.59958,2.75503,202701,-0.0279141,1.57167
202602,Equilíbrio geral com busca,consumo,3,1.47578,2.95158,202701,-0.0403464,1.43543
202602,Equilíbrio geral com busca,investimento,3,1.93283,7.15981,202701,-0.0148488,1.91798
202602,Equilíbrio geral com busca,governo,3,1.67914,2.86236,202701,0,1.67914
202602,Equilíbrio geral com busca,desemprego,3,0.0583407,1.15069,202701,0,0.0583407
202602,Equilíbrio geral com busca,pib,4,2.06389,3.21009,202702,-0.0369371,2.02695
202602,Equilíbrio geral com busca,consumo,4,1.96442,3.43128,202702,-0.0533884,1.91103
202602,Equilíbrio geral com busca,investimento,4,2.25045,8.3403,202702,-0.0196507,2.2308
202602,Equilíbrio geral com busca,governo,4,2.20607,3.20902,202702,0,2.20607
202602,Equilíbrio geral com busca,desemprego,4,0.18693,1.45596,202702,0,0.18693
202602,Equilíbrio geral com busca,pib,5,2.51377,3.62147,202703,-0.0458228,2.46795
202602,Equilíbrio geral com busca,consumo,5,2.45103,3.86185,202703,-0.0662321,2.3848
202602,Equilíbrio geral com busca,investimento,5,2.49767,9.40496,202703,-0.0243804,2.47329
202602,Equilíbrio geral com busca,governo,5,2.7324,3.52654,202703,0,2.7324
202602,Equilíbrio geral com busca,desemprego,5,0.333179,1.72214,202703,0,0.333179
202602,Equilíbrio geral com busca,pib,6,2.9558,3.99813,202704,-0.0545733,2.90123
202602,Equilíbrio geral com busca,consumo,6,2.93559,4.25812,202704,-0.0788804,2.85671
202602,Equilíbrio geral com busca,investimento,6,2.70918,10.3691,202704,-0.0290392,2.68014
202602,Equilíbrio geral com busca,governo,6,3.25895,3.81631,202704,0,3.25895
202602,Equilíbrio geral com busca,desemprego,6,0.486858,1.95307,202704,0,0.486858
202602,Equilíbrio geral com busca,pib,7,3.39363,4.34805,202801,-0.0631905,3.33044
202602,Equilíbrio geral com busca,consumo,7,3.41816,4.62876,202801,-0.0913364,3.32682
202602,Equilíbrio geral com busca,investimento,7,2.90479,11.2505,202801,-0.033628,2.87116
202602,Equilíbrio geral com busca,governo,7,3.78543,4.08602,202801,0,3.78543
202602,Equilíbrio geral com busca,desemprego,7,0.641702,2.15344,202801,0,0.641702
202602,Equilíbrio geral com busca,pib,8,3.82969,4.67605,202802,-0.0716767,3.75801
202602,Equilíbrio geral com busca,consumo,8,3.89884,4.97937,202802,-0.103603,3.79524
202602,Equilíbrio geral com busca,investimento,8,3.09717,12.0614,202802,-0.0381478,3.05902
202602,Equilíbrio geral com busca,governo,8,4.31193,4.33885,202802,0,4.31193
202602,Equilíbrio geral com busca,desemprego,8,0.79396,2.32778,202802,0,0.79396
202602,"Equilíbrio geral com busca, tendência trimestral",pib,1,0.635988,1.60261,202603,-0.00944772,0.62654
202602,"Equilíbrio geral com busca, tendência trimestral",consumo,1,0.582852,1.67761,202603,-0.0136553,0.569197
202602,"Equilíbrio geral com busca, tendência trimestral",investimento,1,0.913279,4.26198,202603,-0.00502458,0.908254
202602,"Equilíbrio geral com busca, tendência trimestral",governo,1,0.501541,2.02981,202603,0,0.501541
202602,"Equilíbrio geral com busca, tendência trimestral",desemprego,1,-0.069199,0.430681,202603,0,-0.069199
202602,"Equilíbrio geral com busca, tendência trimestral",pib,2,1.22783,2.22378,202604,-0.0187517,1.20908
202602,"Equilíbrio geral com busca, tendência trimestral",consumo,2,1.1661,2.38882,202604,-0.0271031,1.139
202602,"Equilíbrio geral com busca, tendência trimestral",investimento,2,1.66055,5.79433,202604,-0.00997381,1.65058
202602,"Equilíbrio geral com busca, tendência trimestral",governo,2,0.935701,2.42175,202604,0,0.935701
202602,"Equilíbrio geral com busca, tendência trimestral",desemprego,2,-0.034272,0.806807,202604,0,-0.034272
202602,"Equilíbrio geral com busca, tendência trimestral",pib,3,1.77437,2.75332,202701,-0.0279141,1.74646
202602,"Equilíbrio geral com busca, tendência trimestral",consumo,3,1.74896,2.94581,202701,-0.0403464,1.70861
202602,"Equilíbrio geral com busca, tendência trimestral",investimento,3,2.17335,7.14751,202701,-0.0148488,2.1585
202602,"Equilíbrio geral com busca, tendência trimestral",governo,3,1.36632,2.83036,202701,0,1.36632
202602,"Equilíbrio geral com busca, tendência trimestral",desemprego,3,0.0616476,1.15244,202701,0,0.0616476
202602,"Equilíbrio geral com busca, tendência trimestral",pib,4,2.29986,3.20785,202702,-0.0369371,2.26292
202602,"Equilíbrio geral com busca, tendência trimestral",consumo,4,2.33114,3.42458,202702,-0.0533884,2.27775
202602,"Equilíbrio geral com busca, tendência trimestral",investimento,4,2.57377,8.32195,202702,-0.0196507,2.55412
202602,"Equilíbrio geral com busca, tendência trimestral",governo,4,1.80036,3.16856,202702,0,1.80036
202602,"Equilíbrio geral com busca, tendência trimestral",desemprego,4,0.192032,1.45854,202702,0,0.192032
202602,"Equilíbrio geral com busca, tendência trimestral",pib,5,2.81105,3.61894,202703,-0.0458228,2.76523
202602,"Equilíbrio geral com busca, tendência trimestral",consumo,5,2.91245,3.85433,202703,-0.0662321,2.84622
202602,"Equilíbrio geral com busca, tendência trimestral",investimento,5,2.90286,9.38121,202703,-0.0243804,2.87848
202602,"Equilíbrio geral com busca, tendência trimestral",governo,5,2.23307,3.47931,202703,0,2.23307
202602,"Equilíbrio geral com busca, tendência trimestral",desemprego,5,0.340164,1.72563,202703,0,0.340164
202602,"Equilíbrio geral com busca, tendência trimestral",pib,6,3.31505,3.99525,202704,-0.0545733,3.26048
202602,"Equilíbrio geral com busca, tendência trimestral",consumo,6,3.49285,4.24983,202704,-0.0788804,3.41397
202602,"Equilíbrio geral com busca, tendência trimestral",investimento,6,3.19643,10.3405,202704,-0.0290392,3.16739
202602,"Equilíbrio geral com busca, tendência trimestral",governo,6,2.66623,3.76286,202704,0,2.66623
202602,"Equilíbrio geral com busca, tendência trimestral",desemprego,6,0.495754,1.9575,202704,0,0.495754
202602,"Equilíbrio geral com busca, tendência trimestral",pib,7,3.81533,4.34485,202801,-0.0631905,3.75214
202602,"Equilíbrio geral com busca, tendência trimestral",consumo,7,4.07237,4.61974,202801,-0.0913364,3.98103
202602,"Equilíbrio geral com busca, tendência trimestral",investimento,7,3.47345,11.2178,202801,-0.033628,3.43982
202602,"Equilíbrio geral com busca, tendência trimestral",governo,7,3.09925,4.027,202801,0,3.09925
202602,"Equilíbrio geral com busca, tendência trimestral",desemprego,7,0.652489,2.15885,202801,0,0.652489
202602,"Equilíbrio geral com busca, tendência trimestral",pib,8,4.31438,4.6725,202802,-0.0716767,4.2427
202602,"Equilíbrio geral com busca, tendência trimestral",consumo,8,4.65106,4.96965,202802,-0.103603,4.54746
202602,"Equilíbrio geral com busca, tendência trimestral",investimento,8,3.74662,12.0252,202802,-0.0381478,3.70847
202602,"Equilíbrio geral com busca, tendência trimestral",governo,8,3.53231,4.27469,202802,0,3.53231
202602,"Equilíbrio geral com busca, tendência trimestral",desemprego,8,0.806589,2.33416,202802,0,0.806589
202602,ABM 2: crenças fixas,pib,1,0.57557,1.84549,202603,0,0.57557
202602,ABM 2: crenças fixas,consumo,1,0.565478,2.29512,202603,0,0.565478
202602,ABM 2: crenças fixas,investimento,1,-0.540532,4.80512,202603,0,-0.540532
202602,ABM 2: crenças fixas,governo,1,0.425238,1.50708,202603,0,0.425238
202602,ABM 2: crenças fixas,desemprego,1,-0.5153,0.309281,202603,0,-0.5153
202602,ABM 2: crenças fixas,pib,2,1.50819,2.71823,202604,0,1.50819
202602,ABM 2: crenças fixas,consumo,2,1.16464,3.28434,202604,0,1.16464
202602,ABM 2: crenças fixas,investimento,2,0.0370657,6.92419,202604,0,0.0370657
202602,ABM 2: crenças fixas,governo,2,0.849582,1.73121,202604,0,0.849582
202602,ABM 2: crenças fixas,desemprego,2,-0.6616,0.62351,202604,0,-0.6616
202602,ABM 2: crenças fixas,pib,3,2.18938,3.54235,202701,0,2.18938
202602,ABM 2: crenças fixas,consumo,3,1.77043,4.20049,202701,0,1.77043
202602,ABM 2: crenças fixas,investimento,3,0.364723,8.78217,202701,0,0.364723
202602,ABM 2: crenças fixas,governo,3,1.27395,2.19808,202701,0,1.27395
202602,ABM 2: crenças fixas,desemprego,3,-0.4253,0.849791,202701,0,-0.4253
202602,ABM 2: crenças fixas,pib,4,3.11019,4.36073,202702,0,3.11019
202602,ABM 2: crenças fixas,consumo,4,2.40482,5.26256,202702,0,2.40482
202602,ABM 2: crenças fixas,investimento,4,1.04163,10.9442,202702,0,1.04163
202602,ABM 2: crenças fixas,governo,4,1.69125,2.39912,202702,0,1.69125
202602,ABM 2: crenças fixas,desemprego,4,-0.1578,1.13228,202702,0,-0.1578
202602,ABM 2: crenças fixas,pib,5,3.67055,4.97868,202703,0,3.67055
202602,ABM 2: crenças fixas,consumo,5,3.02356,5.93541,202703,0,3.02356
202602,ABM 2: crenças fixas,investimento,5,1.57709,12.0839,202703,0,1.57709
202602,ABM 2: crenças fixas,governo,5,2.09154,2.97977,202703,0,2.09154
202602,ABM 2: crenças fixas,desemprego,5,0.110175,1.42249,202703,0,0.110175
202602,ABM 2: crenças fixas,pib,6,3.49337,5.02665,202704,0,3.49337
202602,ABM 2: crenças fixas,consumo,6,3.55839,5.91537,202704,0,3.55839
202602,ABM 2: crenças fixas,investimento,6,1.11938,11.9034,202704,0,1.11938
202602,ABM 2: crenças fixas,governo,6,2.5207,2.74035,202704,0,2.5207
202602,ABM 2: crenças fixas,desemprego,6,0.25445,1.73214,202704,0,0.25445
202602,ABM 2: crenças fixas,pib,7,3.82713,6.00814,202801,0,3.82713
202602,ABM 2: crenças fixas,consumo,7,4.12098,6.91041,202801,0,4.12098
202602,ABM 2: crenças fixas,investimento,7,1.1694,14.1392,202801,0,1.1694
202602,ABM 2: crenças fixas,governo,7,2.93916,3.18773,202801,0,2.93916
202602,ABM 2: crenças fixas,desemprego,7,0.39145,1.82611,202801,0,0.39145
202602,ABM 2: crenças fixas,pib,8,4.45411,6.55062,202802,0,4.45411
202602,ABM 2: crenças fixas,consumo,8,4.6776,7.43694,202802,0,4.6776
202602,ABM 2: crenças fixas,investimento,8,1.47697,15.137,202802,0,1.47697
202602,ABM 2: crenças fixas,governo,8,3.36176,3.15255,202802,0,3.36176
202602,ABM 2: crenças fixas,desemprego,8,0.55185,2.01541,202802,0,0.55185
202602,ABM 2: aprendizado,pib,1,0.178096,2.63425,202603,0,0.178096
202602,ABM 2: aprendizado,consumo,1,0.624961,3.11005,202603,0,0.624961
202602,ABM 2: aprendizado,investimento,1,-0.172681,6.44987,202603,0,-0.172681
202602,ABM 2: aprendizado,governo,1,0.428727,1.55419,202603,0,0.428727
202602,ABM 2: aprendizado,desemprego,1,0.451425,0.910355,202603,0,0.451425
202602,ABM 2: aprendizado,pib,2,0.404712,3.54359,202604,0,0.404712
202602,ABM 2: aprendizado,consumo,2,1.21563,3.96208,202604,0,1.21563
202602,ABM 2: aprendizado,investimento,2,-0.295427,8.23487,202604,0,-0.295427
202602,ABM 2: aprendizado,governo,2,0.852158,1.71693,202604,0,0.852158
202602,ABM 2: aprendizado,desemprego,2,1.21928,1.54504,202604,0,1.21928
202602,ABM 2: aprendizado,pib,3,1.12656,4.03741,202701,0,1.12656
202602,ABM 2: aprendizado,consumo,3,1.85005,4.51936,202701,0,1.85005
202602,ABM 2: aprendizado,investimento,3,0.0541747,9.43227,202701,0,0.0541747
202602,ABM 2: aprendizado,governo,3,1.27463,2.06539,202701,0,1.27463
202602,ABM 2: aprendizado,desemprego,3,1.52905,1.835,202701,0,1.52905
202602,ABM 2: aprendizado,pib,4,1.64121,5.20541,202702,0,1.64121
202602,ABM 2: aprendizado,consumo,4,2.49757,5.64434,202702,0,2.49757
202602,ABM 2: aprendizado,investimento,4,0.609916,11.7436,202702,0,0.609916
202602,ABM 2: aprendizado,governo,4,1.69764,2.51747,202702,0,1.69764
202602,ABM 2: aprendizado,desemprego,4,1.9678,2.46944,202702,0,1.9678
202602,ABM 2: aprendizado,pib,5,2.07341,6.21735,202703,0,2.07341
202602,ABM 2: aprendizado,consumo,5,3.14401,6.59295,202703,0,3.14401
202602,ABM 2: aprendizado,investimento,5,1.09799,13.8362,202703,0,1.09799
202602,ABM 2: aprendizado,governo,5,2.0899,2.75381,202703,0,2.0899
202602,ABM 2: aprendizado,desemprego,5,2.38135,2.7206,202703,0,2.38135
202602,ABM 2: aprendizado,pib,6,2.16753,6.72628,202704,0,2.16753
202602,ABM 2: aprendizado,consumo,6,3.73928,7.04559,202704,0,3.73928
202602,ABM 2: aprendizado,investimento,6,1.06637,14.7059,202704,0,1.06637
202602,ABM 2: aprendizado,governo,6,2.48789,3.05066,202704,0,2.48789
202602,ABM 2: aprendizado,desemprego,6,2.71887,3.09837,202704,0,2.71887
202602,ABM 2: aprendizado,pib,7,2.27973,7.47601,202801,0,2.27973
202602,ABM 2: aprendizado,consumo,7,4.31974,7.81985,202801,0,4.31974
202602,ABM 2: aprendizado,investimento,7,0.894473,16.7944,202801,0,0.894473
202602,ABM 2: aprendizado,governo,7,2.8902,3.25904,202801,0,2.8902
202602,ABM 2: aprendizado,desemprego,7,3.0047,3.37278,202801,0,3.0047
202602,ABM 2: aprendizado,pib,8,2.84207,7.86973,202802,0,2.84207
202602,ABM 2: aprendizado,consumo,8,4.90498,8.40249,202802,0,4.90498
202602,ABM 2: aprendizado,investimento,8,1.23343,18.307,202802,0,1.23343
202602,ABM 2: aprendizado,governo,8,3.33989,3.5736,202802,0,3.33989
202602,ABM 2: aprendizado,desemprego,8,3.05125,3.06171,202802,0,3.05125
202602,ABM 2: informação rígida,pib,1,0.949587,2.10153,202603,0,0.949587
202602,ABM 2: informação rígida,consumo,1,0.701491,2.16817,202603,0,0.701491
202602,ABM 2: informação rígida,investimento,1,0.908176,4.35124,202603,0,0.908176
202602,ABM 2: informação rígida,governo,1,0.42855,1.47044,202603,0,0.42855
202602,ABM 2: informação rígida,desemprego,1,0.288825,1.08155,202603,0,0.288825
202602,ABM 2: informação rígida,pib,2,2.72224,3.28459,202604,0,2.72224
202602,ABM 2: informação rígida,consumo,2,1.39082,3.17639,202604,0,1.39082
202602,ABM 2: informação rígida,investimento,2,0.305965,6.72131,202604,0,0.305965
202602,ABM 2: informação rígida,governo,2,0.794894,1.76015,202604,0,0.794894
202602,ABM 2: informação rígida,desemprego,2,0.729175,1.64041,202604,0,0.729175
202602,ABM 2: informação rígida,pib,3,3.14892,4.21212,202701,0,3.14892
202602,ABM 2: informação rígida,consumo,3,2.13876,4.22231,202701,0,2.13876
202602,ABM 2: informação rígida,investimento,3,-0.0530245,8.6641,202701,0,-0.0530245
202602,ABM 2: informação rígida,governo,3,1.26798,1.87597,202701,0,1.26798
202602,ABM 2: informação rígida,desemprego,3,1.18035,2.47329,202701,0,1.18035
202602,ABM 2: informação rígida,pib,4,2.35633,4.7505,202702,0,2.35633
202602,ABM 2: informação rígida,consumo,4,2.79875,4.82107,202702,0,2.79875
202602,ABM 2: informação rígida,investimento,4,-2.01497,10.0764,202702,0,-2.01497
202602,ABM 2: informação rígida,governo,4,1.69184,2.15519,202702,0,1.69184
202602,ABM 2: informação rígida,desemprego,4,1.57017,2.94069,202702,0,1.57017
202602,ABM 2: informação rígida,pib,5,2.57457,5.02593,202703,0,2.57457
202602,ABM 2: informação rígida,consumo,5,3.45097,5.07461,202703,0,3.45097
202602,ABM 2: informação rígida,investimento,5,-3.02244,10.5658,202703,0,-3.02244
202602,ABM 2: informação rígida,governo,5,2.10126,2.18355,202703,0,2.10126
202602,ABM 2: informação rígida,desemprego,5,2.1059,3.80957,202703,0,2.1059
202602,ABM 2: informação rígida,pib,6,3.02919,5.32187,202704,0,3.02919
202602,ABM 2: informação rígida,consumo,6,4.10409,5.55395,202704,0,4.10409
202602,ABM 2: informação rígida,investimento,6,-3.82855,12.1261,202704,0,-3.82855
202602,ABM 2: informação rígida,governo,6,2.54198,2.4726,202704,0,2.54198
202602,ABM 2: informação rígida,desemprego,6,2.42915,3.75586,202704,0,2.42915
202602,ABM 2: informação rígida,pib,7,3.31969,5.82943,202801,0,3.31969
202602,ABM 2: informação rígida,consumo,7,4.73787,6.04764,202801,0,4.73787
202602,ABM 2: informação rígida,investimento,7,-4.29664,12.9039,202801,0,-4.29664
202602,ABM 2: informação rígida,governo,7,2.94419,2.76814,202801,0,2.94419
202602,ABM 2: informação rígida,desemprego,7,2.90862,4.12884,202801,0,2.90862
202602,ABM 2: informação rígida,pib,8,3.81647,6.28111,202802,0,3.81647
202602,ABM 2: informação rígida,consumo,8,5.36666,6.37423,202802,0,5.36666
202602,ABM 2: informação rígida,investimento,8,-4.33654,13.4565,202802,0,-4.33654
202602,ABM 2: informação rígida,governo,8,3.3583,2.96897,202802,0,3.3583
202602,ABM 2: informação rígida,desemprego,8,3.16597,4.17534,202802,0,3.16597
