regra,partida,crencas_iniciais,K em 10 anos,K em 50 anos,K mínimo,K máximo,K nos últimos 10 anos,anos até ±1%,Gini inicial,Gini final,topo 10% final,distância em 100 anos,distância em 300 anos,distância final
previsão perfeita,equilíbrio estacionário,preços observados,0.999914,0.999982,0.999907,1,1,0,0.517048,0.517167,0.415323,4.9728e-05,3.19672e-05,6.60387e-06
previsão perfeita,capital 50% abaixo,preços observados,0.699357,0.972284,0.499967,1.00005,0.999996,66.25,0.523134,0.519278,0.417348,0.0790098,0.0323166,0.00345271
previsão perfeita,capital 50% acima,preços observados,1.26052,1.02125,1,1.4999,1,62.25,0.516193,0.516245,0.414489,0.0292784,0.013168,0.00155647
previsão perfeita,riqueza igual para todos,preços observados,1.00622,1.00811,0.999934,1.00942,1.00006,0,0.0159237,0.502157,0.404365,0.363813,0.1974,0.0269588
previsão perfeita,1% com toda a riqueza,preços observados,1.10161,1.08313,0.999934,1.11384,1.0069,536,0.978637,0.588439,0.505208,0.412678,0.250585,0.0814718
crenças fixas,equilíbrio estacionário,preços observados,1.00123,1.00804,0.999934,1.85572,1.84304,,0.516988,0.349875,0.337373,0.0564369,0.574649,0.619809
crenças fixas,capital 50% abaixo,preços observados,0.242564,0.912285,0.242477,1.85588,1.84304,,0.55013,0.349875,0.337373,0.12797,0.615479,0.619809
crenças fixas,capital 50% acima,preços observados,1.5507,1.7031,1.4999,1.85589,1.84304,,0.510233,0.349875,0.337373,0.605152,0.619729,0.619809
crenças fixas,riqueza igual para todos,preços observados,1.0184,1.1198,0.999934,1.85588,1.84304,,0.0132079,0.349875,0.337373,0.525675,0.616779,0.619809
crenças fixas,1% com toda a riqueza,preços observados,1.15803,1.45141,0.999934,1.85608,1.84024,,0.975268,0.34965,0.336967,0.547475,0.618629,0.618994
aprendizado,equilíbrio estacionário,preços observados,1.00146,1.00166,0.991592,1.00626,0.997462,0,0.516986,0.519063,0.420548,0.0151235,0.0202919,0.0130522
aprendizado,capital 50% abaixo,preços observados,0.74073,1.09658,0.499967,1.22574,0.997458,170.5,0.534658,0.520637,0.42204,0.0492119,0.0193619,0.0117458
aprendizado,capital 50% acima,preços observados,1.01645,0.981555,0.73021,1.4999,0.997569,223.5,0.51528,0.518934,0.420353,0.123913,0.028028,0.0126441
aprendizado,riqueza igual para todos,preços observados,1.01648,1.0059,0.991846,1.02461,0.997505,45.25,0.0132117,0.50132,0.408181,0.389149,0.237322,0.0382326
aprendizado,1% com toda a riqueza,preços observados,1.14363,1.05932,0.998325,1.17107,1.00545,886,0.975284,0.577041,0.501441,0.366382,0.213597,0.0665454
heurísticas,equilíbrio estacionário,preços observados,1.00081,0.998085,0.991708,1.00871,0.997125,0,0.517012,0.519119,0.420673,0.0256508,0.0133508,0.0167748
heurísticas,capital 50% abaixo,preços observados,0.645586,0.979296,0.499967,1.01661,0.99714,118.25,0.539534,0.523914,0.425705,0.199513,0.074278,0.0164548
heurísticas,capital 50% acima,preços observados,1.18057,1.00905,0.991958,1.4999,0.997139,45.75,0.51357,0.516968,0.418782,0.0584735,0.0318415,0.0186477
heurísticas,riqueza igual para todos,preços observados,1.01458,1.01324,0.99266,1.01993,0.997181,119.75,0.0132425,0.501486,0.408381,0.395999,0.229122,0.0401207
heurísticas,1% com toda a riqueza,preços observados,1.11842,1.09191,0.999934,1.13315,1.00404,872.5,0.97539,0.557138,0.479699,0.375582,0.195197,0.0469592
informação rígida,equilíbrio estacionário,preços observados,1.00153,1.00011,0.99106,1.00833,1.00083,0,0.517109,0.516841,0.417944,0.0223735,0.0174419,0.0178725
informação rígida,capital 50% abaixo,preços observados,0.74634,1.0979,0.499967,1.25436,1.00082,164.75,0.534825,0.51851,0.419583,0.0520119,0.017229,0.0166011
informação rígida,capital 50% acima,preços observados,1.0043,0.991772,0.695171,1.4999,1.00095,155.25,0.515385,0.516605,0.417506,0.137663,0.030978,0.0176319
informação rígida,riqueza igual para todos,preços observados,1.0172,1.00378,0.991245,1.02532,1.00083,115.5,0.0131713,0.499237,0.405796,0.389687,0.235172,0.040261
informação rígida,1% com toda a riqueza,preços observados,1.14758,1.05183,0.999836,1.17518,1.00452,886.5,0.975215,0.575751,0.500149,0.364582,0.209947,0.0709394
atenção limitada,equilíbrio estacionário,preços observados,1.00114,1.00073,0.99456,1.00586,0.996986,0,0.516971,0.519484,0.420833,0.0169735,0.0195008,0.0123209
atenção limitada,capital 50% abaixo,preços observados,0.607353,0.963633,0.499967,1.00827,0.997063,58.5,0.536798,0.525274,0.427222,0.256524,0.0879949,0.0157193
atenção limitada,capital 50% acima,preços observados,1.21122,1.01025,0.994892,1.4999,0.996986,50.25,0.514389,0.517246,0.418855,0.0645915,0.0418561,0.014401
atenção limitada,riqueza igual para todos,preços observados,1.01196,1.01239,0.994885,1.01612,0.996999,70.5,0.013229,0.501761,0.408439,0.391899,0.237672,0.0373001
atenção limitada,1% com toda a riqueza,preços observados,1.12108,1.10489,0.99801,1.14175,1.0024,676.75,0.975708,0.562335,0.483327,0.313994,0.167378,0.0509735
aprendizado,capital 50% abaixo,equilíbrio,0.359291,1.24404,0.351017,1.24426,0.99763,215,0.549033,0.525738,0.428277,0.236944,0.0810619,0.0156543
aprendizado,capital 50% acima,equilíbrio,1.38818,0.86657,0.837025,1.50351,0.997486,155.25,0.510473,0.517272,0.418919,0.0366075,0.0240919,0.0146243
aprendizado,riqueza igual para todos,equilíbrio,1.01642,1.00593,0.991846,1.02455,0.997505,45.25,0.0132087,0.50132,0.40818,0.389149,0.237372,0.0382326
aprendizado,1% com toda a riqueza,equilíbrio,1.14361,1.05933,0.998325,1.17105,1.00545,886,0.975287,0.577042,0.501442,0.366382,0.213597,0.0665454
heurísticas,capital 50% abaixo,equilíbrio,0.629185,0.979908,0.480706,1.01716,0.997143,119,0.544245,0.524053,0.425915,0.208463,0.0760973,0.0166703
heurísticas,capital 50% acima,equilíbrio,1.19042,1.00683,0.991943,1.4999,0.997139,44.25,0.512011,0.516936,0.41875,0.0607235,0.0327915,0.0187224
heurísticas,riqueza igual para todos,equilíbrio,1.01456,1.01324,0.99266,1.01992,0.997181,119.75,0.0132415,0.501486,0.408381,0.395999,0.229122,0.0401207
heurísticas,1% com toda a riqueza,equilíbrio,1.11842,1.09191,0.999934,1.13315,1.00404,872.5,0.975391,0.557138,0.479699,0.375582,0.195197,0.0469592
informação rígida,capital 50% abaixo,equilíbrio,0.339843,1.27714,0.332423,1.27742,1.00102,209.75,0.549838,0.523774,0.425877,0.253372,0.0828449,0.014956
informação rígida,capital 50% acima,equilíbrio,1.40672,0.834068,0.805151,1.50587,1.00086,170,0.510429,0.514953,0.416161,0.0404051,0.0180369,0.0193608
informação rígida,riqueza igual para todos,equilíbrio,1.01714,1.00381,0.991245,1.02527,1.00083,115.5,0.0131682,0.499236,0.405795,0.389687,0.235222,0.040261
informação rígida,1% com toda a riqueza,equilíbrio,1.14756,1.05185,0.999836,1.17515,1.00452,886.5,0.975218,0.575752,0.50015,0.364582,0.209947,0.0709394
