,y,C,I,G,K,r,w,transferencia,log_gamma,log_X,trabalho,r_e,w_e,fracao_fundamentalista,fracao_aprendizado,fracao_ingênua,log_y,log_C,log_I,log_G
,1.96229,1.22202,0.36285,0.377416,4.4598,0.102319,1.07779,-0.00018014,0.00168095,0.00526496,0.999293,0.102354,1.07757,0.333333,0.333333,0.333333,0.679376,0.205771,-1.0085,-0.969141
199602,1.95168,1.21516,0.359592,0.376921,4.40613,0.103306,1.07188,-0.00126218,0.0137367,0.0225857,0.999368,0.102691,1.07556,0.333333,0.333333,0.333333,0.691276,0.217465,-1.0002,-0.953133
199603,1.901,1.18674,0.347881,0.366376,4.16096,0.107961,1.04496,0.00157367,0.0589413,0.085111,0.998489,0.104262,1.06648,0.333333,0.333333,0.333333,0.72749,0.256322,-0.970783,-0.918983
199604,1.92546,1.20092,0.406274,0.31826,4.2795,0.10564,1.05819,0.0534066,-0.0259033,0.0627917,0.99869,0.103532,1.07063,0.333333,0.333333,0.333333,0.717954,0.245881,-0.837937,-1.08209
199701,1.92037,1.19755,0.367073,0.355749,4.25924,0.105957,1.05637,0.0150772,0.00974434,0.0761201,0.997778,0.103667,1.06985,0.333333,0.333333,0.333333,0.72864,0.2564,-0.926075,-0.95741
199702,1.92283,1.19908,0.370686,0.353059,4.27125,0.105725,1.0577,0.0181382,1.15114e-05,0.0797156,0.997789,0.103564,1.07045,0.337726,0.337464,0.32481,0.733512,0.261272,-0.912684,-0.961405
199703,1.91527,1.19113,0.382324,0.341813,4.22887,0.106636,1.05247,0.028325,0.0129496,0.0962492,0.998807,0.104446,1.06531,0.271058,0.274107,0.454835,0.746106,0.271152,-0.865238,-0.977242
199704,1.91149,1.18488,0.385893,0.340713,4.21681,0.106769,1.05171,0.0287525,0.00673256,0.106566,0.997555,0.105441,1.05949,0.151733,0.167144,0.681123,0.754446,0.276207,-0.845629,-0.97015
199801,1.95164,1.21687,0.371391,0.363383,4.4264,0.102625,1.07595,0.0119509,-0.0443567,0.0657931,0.995571,0.102628,1.07594,0.111617,0.132422,0.755962,0.734464,0.262074,-0.924708,-0.946505
199802,1.93175,1.2012,0.374551,0.35599,4.33271,0.104278,1.06613,0.0162776,0.0236543,0.0930314,0.994491,0.103877,1.06852,0.108378,0.137959,0.753663,0.751456,0.276357,-0.888995,-0.939822
199803,1.94499,1.21089,0.369347,0.364746,4.39199,0.103274,1.07207,0.0096103,-0.0106966,0.0859188,0.995762,0.103064,1.07334,0.150362,0.196889,0.652749,0.751175,0.277278,-0.910099,-0.922635
199804,1.978,1.23029,0.37527,0.372441,4.54484,0.100722,1.0875,0.00704396,-0.0319016,0.0576012,0.998298,0.102199,1.07856,0.348409,0.425442,0.226149,0.739687,0.264849,-0.922507,-0.930076
199901,1.98555,1.23134,0.385249,0.368955,4.57917,0.100183,1.09082,0.0117117,-0.00559443,0.0555908,0.999051,0.102494,1.07678,0.456915,0.501612,0.0414725,0.741485,0.263695,-0.898274,-0.941489
199902,1.97904,1.23106,0.378044,0.369938,4.56701,0.100092,1.09138,0.00943838,0.00497657,0.0641514,0.995271,0.102336,1.07773,0.476082,0.441279,0.0826389,0.746765,0.272028,-0.908592,-0.93027
199903,1.98983,1.23528,0.374839,0.379712,4.61796,0.0992748,1.09647,0.00132443,-0.00911441,0.058621,0.996052,0.102336,1.07773,0.548173,0.404761,0.0470655,0.746671,0.269919,-0.922638,-0.909722
199904,1.97809,1.22945,0.369524,0.379119,4.54988,0.100568,1.08845,0.000308043,0.0164343,0.0786394,0.997475,0.102351,1.07764,0.576946,0.360267,0.0627863,0.760772,0.285205,-0.916899,-0.891265
200001,1.97316,1.2274,0.378071,0.367689,4.51437,0.101346,1.08368,0.0111704,0.0094268,0.0916502,0.999365,0.102269,1.07812,0.526033,0.307516,0.166451,0.771288,0.29655,-0.881022,-0.908867
200002,1.96381,1.22132,0.384899,0.357595,4.45578,0.102567,1.0763,0.0200521,0.0152875,0.110522,1.00145,0.102483,1.07682,0.471383,0.284052,0.244565,0.78541,0.310454,-0.844251,-0.917833
200003,1.95065,1.21586,0.388458,0.346325,4.40281,0.10334,1.07168,0.0291509,0.0148362,0.128942,0.999025,0.102657,1.07579,0.468773,0.315708,0.215518,0.797103,0.324397,-0.816629,-0.931434
200004,1.9475,1.21371,0.388421,0.345366,4.37226,0.104134,1.06698,0.0298703,0.0102969,0.142823,1.0018,0.102637,1.07592,0.513914,0.396621,0.0894656,0.809368,0.336505,-0.802844,-0.920327
200101,1.95338,1.21639,0.384337,0.352648,4.40142,0.103594,1.07017,0.0234725,-0.00316052,0.143246,1.00183,0.102587,1.07621,0.494973,0.430392,0.0746346,0.812807,0.339137,-0.812989,-0.899039
200102,1.97072,1.22509,0.387207,0.35842,4.49127,0.101916,1.08022,0.020244,-0.0170975,0.129733,1.00132,0.102447,1.07705,0.467718,0.437464,0.0948179,0.80813,0.332747,-0.819063,-0.896316
200103,1.99138,1.23578,0.391391,0.364215,4.59155,0.100217,1.09061,0.0175879,-0.0192477,0.114069,1.00218,0.102148,1.07887,0.438561,0.418035,0.143404,0.802899,0.325769,-0.823979,-0.895941
200104,2.00099,1.24252,0.387019,0.371453,4.65595,0.0989006,1.09882,0.0115309,-0.0113352,0.106318,0.9995,0.101915,1.08032,0.446223,0.406395,0.147382,0.799961,0.323458,-0.842963,-0.884014
200201,1.96837,1.22536,0.3771,0.365907,4.4942,0.101646,1.08186,0.0121766,0.0374268,0.147329,0.998616,0.10236,1.07758,0.489992,0.418069,0.0919396,0.824534,0.350564,-0.827915,-0.858048
200202,1.97458,1.22809,0.37983,0.366662,4.52458,0.101121,1.08505,0.0123603,-0.00447436,0.146438,0.998817,0.102309,1.07789,0.507812,0.406374,0.0858139,0.826793,0.351895,-0.821593,-0.856876
200203,1.96104,1.22204,0.379131,0.359872,4.45803,0.102284,1.078,0.0171074,0.01709,0.167112,0.998461,0.102397,1.07735,0.473738,0.374762,0.151499,0.840586,0.36763,-0.802762,-0.854894
200204,1.95973,1.21991,0.384136,0.355684,4.43723,0.102875,1.07445,0.0213222,0.007221,0.177917,1.00109,0.102493,1.07678,0.460997,0.383254,0.155749,0.850723,0.376693,-0.778842,-0.855794
200301,1.97801,1.22896,0.39183,0.357214,4.52781,0.10127,1.08414,0.0225392,-0.0172845,0.164217,1.00139,0.102299,1.07795,0.483873,0.418917,0.0972098,0.846306,0.370387,-0.772711,-0.865204
200302,1.99944,1.24195,0.389435,0.36806,4.64588,0.0991009,1.09756,0.014729,-0.0228274,0.144974,0.999871,0.101845,1.08074,0.446867,0.394028,0.159105,0.837843,0.361656,-0.798086,-0.854534
200303,1.99461,1.24088,0.382831,0.3709,4.61812,0.0996161,1.09434,0.0112229,0.00823399,0.156792,1.00039,0.101678,1.08175,0.397551,0.352828,0.24962,0.847242,0.372615,-0.803371,-0.83503
200304,1.98489,1.23644,0.373609,0.374839,4.57393,0.100301,1.0901,0.00576076,0.0116254,0.172001,0.999389,0.10175,1.08129,0.379703,0.335106,0.285191,0.857565,0.384239,-0.812544,-0.809258
200401,1.97403,1.22866,0.384744,0.360632,4.51078,0.101527,1.08258,0.0184819,0.0156116,0.191197,1.00082,0.102126,1.07899,0.397561,0.348561,0.253878,0.871275,0.397118,-0.763981,-0.8287
200402,1.93888,1.20814,0.373316,0.357427,4.33838,0.104633,1.06405,0.0163765,0.0415766,0.236357,1.00012,0.103014,1.07369,0.372632,0.335471,0.291897,0.898467,0.425436,-0.748973,-0.792467
200403,1.92599,1.20534,0.370276,0.350367,4.28243,0.105579,1.05855,0.0213746,0.0157738,0.255715,0.99863,0.102691,1.07563,0.468469,0.435497,0.0960342,0.911153,0.44248,-0.737792,-0.793058
200404,1.92262,1.20554,0.371364,0.345714,4.27037,0.10574,1.05762,0.0254489,0.00571831,0.265017,0.99776,0.102506,1.07672,0.502756,0.468513,0.0287312,0.918704,0.451943,-0.725554,-0.797126
200501,1.92691,1.20591,0.375835,0.34516,4.27039,0.106075,1.05569,0.0269795,0.00301616,0.271618,1.00182,0.1025,1.07676,0.518657,0.467405,0.0139375,0.927533,0.458853,-0.706987,-0.792129
200502,1.92151,1.2033,0.375698,0.34251,4.24313,0.106619,1.05257,0.0288259,0.00968532,0.284887,1.00197,0.102571,1.07634,0.52462,0.453281,0.0220985,0.937996,0.469952,-0.694082,-0.786567
200503,1.94077,1.21001,0.379219,0.351542,4.34037,0.10471,1.0636,0.0226614,-0.0192463,0.269225,1.00152,0.102797,1.07499,0.464716,0.403556,0.131728,0.93231,0.459853,-0.700417,-0.776202
200504,1.93082,1.20088,0.384661,0.345283,4.29285,0.10559,1.05848,0.0273971,0.0141307,0.286939,1.0012,0.103718,1.06955,0.323228,0.293458,0.383313,0.944885,0.469991,-0.668452,-0.776452
200601,1.91639,1.18684,0.387767,0.341784,4.2234,0.106921,1.05085,0.0286953,0.0199879,0.310511,1.00094,0.105413,1.05968,0.176708,0.17287,0.650422,0.960954,0.481803,-0.636839,-0.763066
200602,1.92622,1.19002,0.393562,0.342638,4.26541,0.106197,1.05498,0.0294239,-0.00567089,0.308424,1.00213,0.105424,1.05954,0.103308,0.111194,0.785498,0.963985,0.482396,-0.624091,-0.762656
200603,1.9095,1.17613,0.395402,0.33797,4.19158,0.107523,1.04743,0.0314371,0.0217968,0.333805,1.00059,0.107058,1.05014,0.0437053,0.0543012,0.901993,0.980646,0.496032,-0.594048,-0.750992
200604,1.90693,1.17148,0.389579,0.345872,4.17264,0.108009,1.04469,0.0232463,0.00937881,0.346768,1.00186,0.107702,1.04648,0.024105,0.0350954,0.9408,0.992263,0.505036,-0.595922,-0.714917
200701,1.88673,1.1567,0.396459,0.333568,4.08575,0.109605,1.03581,0.0323076,0.0256535,0.376005,0.999752,0.109447,1.03672,0.00799394,0.0141524,0.977854,1.01085,0.521576,-0.549176,-0.721903
200702,1.87682,1.14667,0.395931,0.334214,4.03387,0.110769,1.02943,0.0302154,0.0182976,0.397887,1.00066,0.110741,1.02959,0.00102551,0.00242871,0.996546,1.02746,0.53475,-0.528628,-0.698087
200703,1.87522,1.1455,0.400996,0.328727,4.0264,0.110926,1.02858,0.0354574,0.00765028,0.409121,1.00064,0.110919,1.02862,0.000189969,0.000634667,0.999175,1.03785,0.544965,-0.504682,-0.703408
200704,1.86226,1.13798,0.404335,0.319954,3.97759,0.111748,1.02414,0.0420418,0.0183502,0.431056,0.99803,0.111747,1.02415,1.3077e-05,6.77383e-05,0.999919,1.05285,0.560307,-0.474457,-0.708524
200801,1.8597,1.13503,0.404031,0.320639,3.9628,0.112115,1.02217,0.0410025,0.0103881,0.445028,0.998576,0.112115,1.02217,8.72853e-07,7.51416e-06,0.999992,1.06544,0.571683,-0.461236,-0.692411
200802,1.84375,1.12281,0.40972,0.311221,3.89136,0.113626,1.01415,0.0479067,0.0249292,0.473541,0.997843,0.113626,1.01415,2.79359e-08,4.50112e-07,1,1.08534,0.589378,-0.418741,-0.693712
200803,1.83478,1.11604,0.405153,0.313592,3.85257,0.114443,1.00988,0.0440984,0.0175816,0.494706,0.997194,0.114443,1.00988,5.25364e-10,1.8638e-08,1,1.10163,0.604491,-0.408785,-0.664955
200804,1.91273,1.17949,0.405086,0.328152,4.22032,0.106742,1.05187,0.041541,-0.0836391,0.414651,0.998055,0.106742,1.05187,1.84052e-10,1.16091e-08,1,1.06318,0.579733,-0.489005,-0.699626
200901,1.95374,1.21244,0.387859,0.353444,4.41261,0.103245,1.07224,0.0225847,-0.0392969,0.378939,1.00009,0.103245,1.07224,3.1428e-09,2.34545e-07,1,1.04869,0.571574,-0.568174,-0.661093
200902,1.93396,1.19572,0.398777,0.339461,4.31832,0.104946,1.06222,0.0335359,0.0248523,0.407375,0.999296,0.104946,1.06222,1.09775e-06,6.51721e-05,0.999934,1.06694,0.586124,-0.511978,-0.673023
200903,1.906,1.17868,0.396819,0.330503,4.19167,0.107241,1.04903,0.0381068,0.0341241,0.445083,0.997238,0.106385,1.05409,0.00787019,0.275657,0.716472,1.09009,0.60948,-0.479192,-0.662057
200904,1.88133,1.17736,0.378434,0.325538,4.06805,0.109833,1.03455,0.0393851,0.0348702,0.483537,0.998104,0.104418,1.06576,0.0296323,0.963707,0.00666027,1.11552,0.64681,-0.488176,-0.638739
201001,1.86212,1.16577,0.378107,0.318246,3.9773,0.111747,1.02415,0.0437218,0.0270852,0.514206,0.99795,0.105274,1.0609,0.0142243,0.882745,0.10303,1.13592,0.667588,-0.458371,-0.630726
201002,1.85207,1.16265,0.374968,0.314458,3.9396,0.112392,1.02069,0.0458101,0.0145547,0.532345,0.995923,0.105254,1.06104,0.0054567,0.925425,0.0691184,1.14865,0.683044,-0.44857,-0.624561
201003,1.8588,1.15667,0.386217,0.315907,3.95341,0.112412,1.02059,0.0456772,0.00156048,0.53749,0.999644,0.107024,1.05103,0.00138946,0.711871,0.28674,1.15742,0.683038,-0.413865,-0.614819
201004,1.84959,1.12894,0.409614,0.311034,3.91454,0.113186,1.01647,0.0490604,0.0155648,0.556638,0.998717,0.112709,1.01915,3.77596e-05,0.0581654,0.941797,1.1716,0.677917,-0.335901,-0.611216
201101,1.84699,1.12419,0.413916,0.308887,3.89994,0.113555,1.01453,0.0508434,0.0111365,0.571359,0.999227,0.11355,1.01455,1.4496e-07,0.000645587,0.999354,1.18492,0.68842,-0.310735,-0.60342
201102,1.85244,1.1265,0.416246,0.309695,3.91643,0.113353,1.01559,0.051019,0.00355267,0.578496,1.00113,0.113353,1.01559,1.00157e-09,1.24613e-05,0.999988,1.195,0.697609,-0.297984,-0.593673
201103,1.8729,1.14364,0.416688,0.312574,4.01397,0.111214,1.02702,0.0512751,-0.0167936,0.565286,1.00092,0.111214,1.02702,4.4631e-11,1.27607e-06,0.999999,1.19277,0.6995,-0.310132,-0.59763
201104,1.87395,1.14563,0.41908,0.309242,4.02319,0.110944,1.02848,0.0547024,0.00490189,0.573772,1.00006,0.110944,1.02848,1.26112e-11,6.40107e-07,0.999999,1.20182,0.709728,-0.295921,-0.599858
201201,1.91468,1.17834,0.409397,0.326946,4.21565,0.107064,1.05003,0.0432644,-0.0394438,0.537912,1.00082,0.107064,1.05003,1.07523e-10,5.04898e-06,0.999995,1.18746,0.702015,-0.355158,-0.580047
201202,1.9003,1.167,0.412708,0.320595,4.14754,0.108399,1.04251,0.0474068,0.0218274,0.563324,1.00048,0.108398,1.04251,6.06683e-09,0.000180945,0.999819,1.20534,0.71776,-0.321692,-0.574255
201203,1.8902,1.15782,0.420478,0.31191,4.09517,0.109534,1.0362,0.0546103,0.0188377,0.585745,1.00121,0.109519,1.03629,1.95237e-07,0.00388504,0.996115,1.22243,0.73228,-0.280617,-0.579296
201204,1.90477,1.17107,0.416669,0.317033,4.16907,0.107966,1.04493,0.0516492,-0.010968,0.578361,1.0005,0.107919,1.04521,1.96312e-06,0.0216475,0.978351,1.22272,0.736277,-0.297103,-0.570389
201301,1.91082,1.17685,0.42033,0.313642,4.20102,0.107286,1.04877,0.0559191,-0.00139575,0.58055,1,0.107192,1.04935,7.69161e-06,0.061019,0.938973,1.22808,0.74339,-0.286165,-0.578954
201302,1.90543,1.17248,0.419561,0.313395,4.17317,0.107869,1.04548,0.0553741,0.0129196,0.597053,1.00032,0.107712,1.04642,1.37102e-05,0.0815841,0.918402,1.24176,0.75617,-0.271493,-0.563239
201303,1.91644,1.17982,0.420694,0.315927,4.21927,0.107073,1.04998,0.0546289,-0.00459986,0.596037,1.00179,0.106934,1.05085,3.44249e-05,0.12208,0.877886,1.24651,0.7614,-0.269812,-0.556207
201304,1.93049,1.19026,0.419145,0.321086,4.28507,0.105838,1.05705,0.0516412,-0.00929231,0.590329,1.00238,0.10586,1.05709,0.000148097,0.275275,0.724577,1.2481,0.764502,-0.279209,-0.545718
201401,1.92806,1.19072,0.423122,0.314221,4.28354,0.105702,1.05784,0.0579768,0.00606893,0.599982,1.00038,0.105775,1.05762,0.000379125,0.357813,0.641808,1.2565,0.774542,-0.260114,-0.557676
201402,1.96147,1.2163,0.418623,0.326552,4.46534,0.102076,1.07926,0.0504117,-0.0356142,0.567952,0.997518,0.103942,1.06852,0.00205424,0.494107,0.503839,1.24165,0.763762,-0.302832,-0.551214
201403,1.97855,1.22009,0.427474,0.330981,4.54457,0.100771,1.0872,0.0486323,-0.0128821,0.558654,0.998851,0.10456,1.06507,0.0229364,0.762239,0.214825,1.24102,0.757579,-0.291209,-0.547039
201404,1.98882,1.22396,0.436637,0.328217,4.58235,0.10032,1.08997,0.053145,-0.00349735,0.55874,1.00148,0.104406,1.06592,0.210129,0.688141,0.101731,1.24628,0.760833,-0.269913,-0.55534
201501,2.01481,1.24483,0.436373,0.333601,4.72011,0.0979262,1.10498,0.0515273,-0.0245326,0.537792,1.00079,0.102636,1.07604,0.824768,0.13937,0.035862,1.23832,0.756795,-0.291465,-0.560018
201502,2.07043,1.27039,0.451723,0.348315,5.00731,0.093454,1.13427,0.0449908,-0.0546835,0.486692,1.00186,0.102362,1.07754,0.993743,0.00427755,0.0019796,1.21445,0.72602,-0.307994,-0.567955
201503,2.11108,1.29061,0.458727,0.361747,5.22954,0.0901773,1.15686,0.0373419,-0.0395981,0.450678,1.00159,0.102135,1.07901,0.980625,4.78978e-05,0.0193267,1.19788,0.70579,-0.328623,-0.566133
201504,2.13822,1.37272,0.399466,0.366043,5.37409,0.0882356,1.17071,0.0369675,-0.0240565,0.430206,1.00246,0.0936592,1.13494,0.386583,9.75934e-08,0.613417,1.19018,0.746997,-0.487422,-0.574798
201601,2.16957,1.45381,0.333461,0.382306,5.55155,0.0858711,1.1881,0.0250701,-0.0326083,0.401181,1.00227,0.0859214,1.18776,0.00281136,2.18137e-12,0.997189,1.17571,0.775367,-0.697047,-0.560353
201602,2.1622,1.44757,0.335738,0.37889,5.51694,0.0862439,1.18532,0.0273477,0.00257145,0.407337,1.00121,0.0862439,1.18532,4.06382e-08,2.30461e-19,1,1.17846,0.777226,-0.684088,-0.563172
201603,2.17436,1.4603,0.332448,0.38161,5.57885,0.0855185,1.19074,0.0264295,-0.0146423,0.396279,1.00225,0.0855185,1.19074,2.32522e-16,4.88572e-29,1,1.17301,0.774924,-0.704993,-0.567077
201604,2.18084,1.46336,0.335162,0.382318,5.60046,0.0854026,1.19161,0.0268599,-0.00766611,0.392197,1.00451,0.0854026,1.19161,6.00537e-25,3.16384e-38,1,1.17191,0.772934,-0.700944,-0.569306
201701,2.15818,1.44036,0.345568,0.37225,5.48478,0.0867674,1.18144,0.0335757,0.0171358,0.412916,1.00263,0.0867674,1.18144,2.68893e-31,3.11633e-44,1,1.18218,0.777812,-0.649649,-0.575274
201702,2.14218,1.42444,0.350657,0.367084,5.40256,0.0877796,1.17402,0.0363833,0.0121571,0.428658,1.00148,0.0877796,1.17402,2.71524e-35,3.87495e-47,1,1.19048,0.782438,-0.619288,-0.573507
201703,2.13899,1.42188,0.351783,0.365325,5.38815,0.0879359,1.17289,0.0376394,0.000199075,0.432441,1.00096,0.0879359,1.17289,5.31288e-37,2.73452e-47,1,1.19277,0.78442,-0.612299,-0.574526
201704,2.12826,1.41262,0.350249,0.365393,5.33868,0.0884941,1.16885,0.0359026,0.00684595,0.442871,0.999378,0.0884941,1.16885,1.14952e-36,4.08063e-45,1,1.19818,0.788318,-0.606242,-0.563911
201801,2.12474,1.40414,0.358289,0.362305,5.30431,0.0891357,1.16424,0.0387252,0.00416215,0.450617,1.00167,0.0891357,1.16424,2.60537e-35,7.7602e-42,1,1.20427,0.790045,-0.575798,-0.564651
201802,2.12958,1.40994,0.355212,0.364422,5.33184,0.0887475,1.16703,0.0372797,-0.00698978,0.447211,1.00156,0.0887475,1.16703,2.88597e-34,6.1052e-39,1,1.20313,0.79076,-0.58783,-0.562231
201803,2.11663,1.39406,0.362296,0.360281,5.25749,0.0898131,1.15943,0.0396362,0.0119997,0.462795,1.00199,0.0898131,1.15943,6.24128e-33,6.9116e-36,1,1.21262,0.795014,-0.552498,-0.558077
201804,2.11979,1.40227,0.360547,0.356974,5.28957,0.0891962,1.16381,0.0431597,-0.00755493,0.458824,0.999706,0.0891962,1.16381,9.62565e-32,4.11464e-33,1,1.21014,0.796915,-0.561309,-0.571269
201901,2.1192,1.40036,0.361547,0.357292,5.28265,0.0893341,1.16283,0.0428147,-0.000350215,0.462058,1.00027,0.0893341,1.16283,6.79531e-31,8.37919e-31,1,1.21309,0.798784,-0.555305,-0.567145
201902,2.11321,1.39267,0.366467,0.354068,5.2479,0.0898408,1.15923,0.0452191,0.00500886,0.47065,1.00054,0.0898408,1.15923,6.0898e-30,1.52072e-28,1,1.21886,0.801877,-0.533195,-0.567617
201903,2.11854,1.39731,0.367237,0.353987,5.27254,0.0895496,1.1613,0.0461275,-0.00592603,0.468308,1.00128,0.0895496,1.1613,2.39525e-29,1.01984e-26,1,1.21903,0.802859,-0.533438,-0.570186
201904,2.10174,1.38295,0.370885,0.347907,5.19705,0.0904205,1.15514,0.0495629,0.0131332,0.485026,0.998633,0.0904205,1.15514,1.52702e-28,7.71438e-25,1,1.22779,0.809245,-0.506838,-0.570795
202001,2.15163,1.43567,0.34994,0.366019,5.45997,0.0869639,1.17999,0.0387018,-0.0502122,0.438398,1.00081,0.0869639,1.17999,8.2241e-29,5.76722e-24,1,1.20462,0.800029,-0.611597,-0.566673
202002,2.31785,1.64111,0.278936,0.397801,6.46056,0.0751583,1.27463,0.0291297,-0.170948,0.271033,0.998074,0.0751583,1.27463,8.58399e-35,6.77807e-28,1,1.11167,0.766405,-1.00574,-0.65077
202003,2.17209,1.46331,0.351385,0.35739,5.58578,0.0852207,1.19298,0.050023,0.137579,0.412197,0.999325,0.0852207,1.19298,2.50658e-40,2.42287e-31,1,1.18789,0.792899,-0.633676,-0.616731
202004,2.10497,1.38708,0.3767,0.341197,5.21613,0.0901331,1.15717,0.0567111,0.0654968,0.481277,0.998421,0.0901331,1.15717,1.77784e-44,1.22596e-33,1,1.22558,0.808477,-0.495029,-0.594019
202101,2.10105,1.37646,0.383955,0.340628,5.17648,0.0909132,1.1517,0.0570052,0.00698378,0.491845,1.00129,0.0909132,1.1517,1.7485e-45,2.3988e-33,1,1.23428,0.811364,-0.465385,-0.585118
202102,2.11598,1.39668,0.369375,0.349924,5.26795,0.0895041,1.16162,0.0496789,-0.017677,0.477752,0.999793,0.0895041,1.16162,7.19242e-41,8.47373e-29,1,1.22727,0.811848,-0.518191,-0.572286
202103,2.1178,1.39862,0.364859,0.354322,5.27725,0.0893831,1.16248,0.0455515,-0.00293559,0.478401,0.999914,0.0893831,1.16248,3.3697e-25,4.9201e-13,1,1.22878,0.813888,-0.529843,-0.559148
202104,2.09191,1.37483,0.367317,0.349767,5.15549,0.0908731,1.15198,0.0461139,0.0219277,0.503912,0.996695,0.0908731,1.15198,6.41478e-24,1.61487e-11,1,1.24199,0.822241,-0.497617,-0.546576
202201,2.0936,1.36795,0.377643,0.348006,5.13794,0.0914463,1.14799,0.0485338,0.00252072,0.510017,1.00096,0.0914463,1.14799,4.48682e-24,2.0011e-11,1,1.2489,0.82333,-0.46379,-0.545519
202202,2.07658,1.35119,0.387095,0.338298,5.05496,0.0925571,1.14036,0.0556625,0.0159537,0.529555,0.999472,0.0925571,1.14036,2.96267e-23,1.16755e-10,1,1.26028,0.830537,-0.41953,-0.554273
202203,2.06704,1.33947,0.387816,0.339764,4.99943,0.0934453,1.13433,0.0528935,0.0114852,0.544624,1.00017,0.0934453,1.13433,3.12036e-21,5.02441e-09,1,1.27074,0.836895,-0.402602,-0.53488
202204,2.06855,1.33989,0.393002,0.335662,5.00303,0.0934465,1.13432,0.0572818,-3.3228e-05,0.548175,1.0009,0.0934465,1.13432,5.96292e-19,3.19019e-07,1,1.27502,0.840759,-0.385767,-0.543475
202301,2.05278,1.32306,0.396427,0.3333,4.92186,0.0946553,1.12624,0.0573225,0.0172876,0.569046,1.00041,0.0946553,1.12624,8.14852e-17,9.68424e-06,0.99999,1.28824,0.84899,-0.356217,-0.529667
202302,2.04881,1.31764,0.393369,0.3378,4.89813,0.0950594,1.12356,0.0522876,0.00625699,0.578887,1.00085,0.0950597,1.12356,8.73869e-15,0.000201359,0.999799,1.29615,0.854728,-0.354118,-0.506413
202303,2.05797,1.3253,0.39242,0.34025,4.93776,0.0945575,1.12689,0.0513056,-0.00669008,0.575781,1.00236,0.0945628,1.12686,2.52538e-13,0.00144815,0.998552,1.2975,0.857421,-0.359641,-0.502294
202304,2.0572,1.3266,0.388064,0.342541,4.94091,0.0944169,1.12782,0.0487906,0.000521929,0.579887,1.00115,0.0944358,1.12772,3.27578e-12,0.00565075,0.994349,1.30124,0.862506,-0.366697,-0.491477
202401,2.05378,1.32255,0.392728,0.338499,4.92254,0.0947035,1.12592,0.0523392,0.00465092,0.588122,1.00118,0.0947417,1.12571,2.00273e-11,0.0153645,0.984636,1.3078,0.867685,-0.346516,-0.495111
202402,2.03059,1.29849,0.399695,0.332413,4.80818,0.0964093,1.11473,0.0549331,0.0247421,0.616448,0.999811,0.0964431,1.11461,1.05742e-10,0.0321311,0.967869,1.32478,0.877647,-0.300605,-0.48493
202403,2.02466,1.29252,0.402052,0.330088,4.77846,0.0968727,1.11173,0.0563718,0.00826975,0.628302,0.999579,0.0969118,1.11168,8.21703e-10,0.0683634,0.931637,1.3337,0.884897,-0.282873,-0.480094
202404,2.03907,1.30222,0.407967,0.32889,4.83717,0.0961492,1.11642,0.0599342,-0.00989315,0.621993,1.00247,0.0963407,1.11562,7.34225e-09,0.151614,0.848386,1.33449,0.886061,-0.274576,-0.490039
202501,2.02663,1.29091,0.40816,0.327556,4.77621,0.0970769,1.11041,0.0593861,0.0150518,0.640629,1.00173,0.0971849,1.11066,8.30025e-08,0.328682,0.671318,1.347,0.895976,-0.255467,-0.475466
202502,2.02631,1.29342,0.406607,0.326284,4.78828,0.0966975,1.11286,0.0603988,0.000124353,0.644337,0.999378,0.0970306,1.11207,4.13804e-07,0.476414,0.523586,1.35056,0.90163,-0.255572,-0.475651
202503,2.03873,1.30092,0.405558,0.33225,4.84186,0.0959893,1.11746,0.0564229,-0.00861441,0.639307,1.00136,0.0966491,1.11452,7.60027e-07,0.476594,0.523405,1.35163,0.902381,-0.263184,-0.46256
202504,2.04248,1.30519,0.402079,0.335214,4.86679,0.0955259,1.12049,0.0539237,-0.00290984,0.639981,1.00049,0.0963967,1.11616,9.74968e-07,0.47981,0.520189,1.35415,0.90633,-0.271125,-0.453004
202601,2.03178,1.29769,0.40295,0.331136,4.81653,0.096247,1.11578,0.0563493,0.0123207,0.655886,0.99945,0.0967407,1.11383,8.79791e-07,0.46655,0.53345,1.3648,0.916474,-0.253058,-0.449339
202602,2.04142,1.30082,0.408092,0.332503,4.84413,0.0961087,1.11668,0.0567466,-0.00351228,0.655957,1.00338,0.0966781,1.11427,7.26532e-07,0.482222,0.517778,1.3696,0.918954,-0.240305,-0.44515
